CREATE DATABASE  IF NOT EXISTS `sepomex` /*!40100 DEFAULT CHARACTER SET utf8mb4 COLLATE utf8mb4_0900_ai_ci */;
USE `sepomex`;
-- MySQL dump 10.13  Distrib 5.7.17, for macos10.12 (x86_64)
--
-- Host: 127.0.0.1    Database: sepomex
-- ------------------------------------------------------
-- Server version	8.0.11

/*!40101 SET @OLD_CHARACTER_SET_CLIENT=@@CHARACTER_SET_CLIENT */;
/*!40101 SET @OLD_CHARACTER_SET_RESULTS=@@CHARACTER_SET_RESULTS */;
/*!40101 SET @OLD_COLLATION_CONNECTION=@@COLLATION_CONNECTION */;
/*!40101 SET NAMES utf8 */;
/*!40103 SET @OLD_TIME_ZONE=@@TIME_ZONE */;
/*!40103 SET TIME_ZONE='+00:00' */;
/*!40014 SET @OLD_UNIQUE_CHECKS=@@UNIQUE_CHECKS, UNIQUE_CHECKS=0 */;
/*!40014 SET @OLD_FOREIGN_KEY_CHECKS=@@FOREIGN_KEY_CHECKS, FOREIGN_KEY_CHECKS=0 */;
/*!40101 SET @OLD_SQL_MODE=@@SQL_MODE, SQL_MODE='NO_AUTO_VALUE_ON_ZERO' */;
/*!40111 SET @OLD_SQL_NOTES=@@SQL_NOTES, SQL_NOTES=0 */;

--
-- Table structure for table `State`
--

DROP TABLE IF EXISTS `State`;
/*!40101 SET @saved_cs_client     = @@character_set_client */;
/*!40101 SET character_set_client = utf8 */;
CREATE TABLE `State` (
  `id` int(11) NOT NULL,
  `name` varchar(100) CHARACTER SET utf8 COLLATE utf8_general_ci DEFAULT NULL,
  PRIMARY KEY (`id`)
) ENGINE=InnoDB DEFAULT CHARSET=utf8mb4 COLLATE=utf8mb4_0900_ai_ci;
/*!40101 SET character_set_client = @saved_cs_client */;

--
-- Dumping data for table `State`
--

LOCK TABLES `State` WRITE;
/*!40000 ALTER TABLE `State` DISABLE KEYS */;
INSERT INTO `State` VALUES (1,'Aguascalientes'),(2,'Baja California'),(3,'Baja California Sur'),(4,'Campeche'),(5,'Coahuila de Zaragoza'),(6,'Colima'),(7,'Chiapas'),(8,'Chihuahua'),(9,'Ciudad de México'),(10,'Durango'),(11,'Guanajuato'),(12,'Guerrero'),(13,'Hidalgo'),(14,'Jalisco'),(15,'México'),(16,'Michoacán de Ocampo'),(17,'Morelos'),(18,'Nayarit'),(19,'Nuevo León'),(20,'Oaxaca'),(21,'Puebla'),(22,'Querétaro'),(23,'Quintana Roo'),(24,'San Luis Potosí'),(25,'Sinaloa'),(26,'Sonora'),(27,'Tabasco'),(28,'Tamaulipas'),(29,'Tlaxcala'),(30,'Veracruz de Ignacio de la Llave'),(31,'Yucatán'),(32,'Zacatecas');
/*!40000 ALTER TABLE `State` ENABLE KEYS */;
UNLOCK TABLES;
/*!40103 SET TIME_ZONE=@OLD_TIME_ZONE */;

/*!40101 SET SQL_MODE=@OLD_SQL_MODE */;
/*!40014 SET FOREIGN_KEY_CHECKS=@OLD_FOREIGN_KEY_CHECKS */;
/*!40014 SET UNIQUE_CHECKS=@OLD_UNIQUE_CHECKS */;
/*!40101 SET CHARACTER_SET_CLIENT=@OLD_CHARACTER_SET_CLIENT */;
/*!40101 SET CHARACTER_SET_RESULTS=@OLD_CHARACTER_SET_RESULTS */;
/*!40101 SET COLLATION_CONNECTION=@OLD_COLLATION_CONNECTION */;
/*!40111 SET SQL_NOTES=@OLD_SQL_NOTES */;

-- Dump completed on 2018-05-26 17:07:29

--
-- Table structure for table `SettlementType`
--

DROP TABLE IF EXISTS `SettlementType`;
/*!40101 SET @saved_cs_client     = @@character_set_client */;
/*!40101 SET character_set_client = utf8 */;
CREATE TABLE `SettlementType` (
  `id` int(11) NOT NULL AUTO_INCREMENT,
  `name` varchar(100) CHARACTER SET utf8 COLLATE utf8_general_ci DEFAULT NULL,
  PRIMARY KEY (`id`)
) ENGINE=InnoDB AUTO_INCREMENT=64 DEFAULT CHARSET=utf8mb4 COLLATE=utf8mb4_0900_ai_ci;
/*!40101 SET character_set_client = @saved_cs_client */;

--
-- Dumping data for table `SettlementType`
--

LOCK TABLES `SettlementType` WRITE;
/*!40000 ALTER TABLE `SettlementType` DISABLE KEYS */;
INSERT INTO `SettlementType` VALUES (1,'Colonia'),(2,'Fraccionamiento'),(3,'Condominio'),(4,'Barrio'),(5,'Unidad habitacional'),(6,'Zona comercial'),(7,'Rancho'),(8,'Ranchería'),(9,'Equipamiento'),(10,'Parque industrial'),(11,'Gran usuario'),(12,'Granja'),(13,'Ejido'),(14,'Poblado comunal'),(15,'Congregación'),(16,'Pueblo'),(17,'Zona federal'),(18,'Paraje'),(19,'Zona industrial'),(20,'Aeropuerto'),(21,'Hacienda'),(22,'Estación'),(23,'Residencial'),(24,'Conjunto habitacional'),(25,'Ampliación'),(26,'Campamento'),(27,'Puerto'),(28,'Club de golf'),(29,'Ciudad'),(30,'Ingenio'),(31,'Villa'),(32,'Finca'),(33,'Exhacienda'),(34,'Zona militar');
/*!40000 ALTER TABLE `SettlementType` ENABLE KEYS */;
UNLOCK TABLES;
/*!40103 SET TIME_ZONE=@OLD_TIME_ZONE */;

/*!40101 SET SQL_MODE=@OLD_SQL_MODE */;
/*!40014 SET FOREIGN_KEY_CHECKS=@OLD_FOREIGN_KEY_CHECKS */;
/*!40014 SET UNIQUE_CHECKS=@OLD_UNIQUE_CHECKS */;
/*!40101 SET CHARACTER_SET_CLIENT=@OLD_CHARACTER_SET_CLIENT */;
/*!40101 SET CHARACTER_SET_RESULTS=@OLD_CHARACTER_SET_RESULTS */;
/*!40101 SET COLLATION_CONNECTION=@OLD_COLLATION_CONNECTION */;
/*!40111 SET SQL_NOTES=@OLD_SQL_NOTES */;

-- Dump completed on 2018-05-26 17:07:30

DROP TABLE IF EXISTS `SettlementZone`;
/*!40101 SET @saved_cs_client     = @@character_set_client */;
/*!40101 SET character_set_client = utf8 */;
CREATE TABLE `SettlementZone` (
  `id` int(11) NOT NULL AUTO_INCREMENT,
  `name` varchar(100) CHARACTER SET utf8 COLLATE utf8_general_ci DEFAULT NULL,
  PRIMARY KEY (`id`)
) ENGINE=InnoDB AUTO_INCREMENT=4 DEFAULT CHARSET=utf8mb4 COLLATE=utf8mb4_0900_ai_ci;
/*!40101 SET character_set_client = @saved_cs_client */;

--
-- Dumping data for table `SettlementZone`
--

LOCK TABLES `SettlementZone` WRITE;
/*!40000 ALTER TABLE `SettlementZone` DISABLE KEYS */;
INSERT INTO `SettlementZone` VALUES (1,'Urbano'),(2,'Rural'),(3,'Semiurbano');
/*!40000 ALTER TABLE `SettlementZone` ENABLE KEYS */;
UNLOCK TABLES;
/*!40103 SET TIME_ZONE=@OLD_TIME_ZONE */;

/*!40101 SET SQL_MODE=@OLD_SQL_MODE */;
/*!40014 SET FOREIGN_KEY_CHECKS=@OLD_FOREIGN_KEY_CHECKS */;
/*!40014 SET UNIQUE_CHECKS=@OLD_UNIQUE_CHECKS */;
/*!40101 SET CHARACTER_SET_CLIENT=@OLD_CHARACTER_SET_CLIENT */;
/*!40101 SET CHARACTER_SET_RESULTS=@OLD_CHARACTER_SET_RESULTS */;
/*!40101 SET COLLATION_CONNECTION=@OLD_COLLATION_CONNECTION */;
/*!40111 SET SQL_NOTES=@OLD_SQL_NOTES */;

-- Dump completed on 2018-05-26 17:07:31

--
-- Table structure for table `Town`
--

DROP TABLE IF EXISTS `Town`;
/*!40101 SET @saved_cs_client     = @@character_set_client */;
/*!40101 SET character_set_client = utf8 */;
CREATE TABLE `Town` (
  `name` varchar(100) CHARACTER SET utf8 COLLATE utf8_general_ci DEFAULT NULL,
  `id` int(11) NOT NULL,
  `state_id` int(11) NOT NULL,
  PRIMARY KEY (`id`,`state_id`),
  KEY `state_id` (`state_id`),
  CONSTRAINT `town_ibfk_1` FOREIGN KEY (`state_id`) REFERENCES `state` (`id`)
) ENGINE=InnoDB DEFAULT CHARSET=utf8mb4 COLLATE=utf8mb4_0900_ai_ci;
/*!40101 SET character_set_client = @saved_cs_client */;

--
-- Dumping data for table `Town`
--

LOCK TABLES `Town` WRITE;
/*!40000 ALTER TABLE `Town` DISABLE KEYS */;
INSERT INTO `Town` VALUES ('Aguascalientes',1,1),('Ensenada',1,2),('Comondú',1,3),('Calkiní',1,4),('Abasolo',1,5),('Armería',1,6),('Acacoyagua',1,7),('Ahumada',1,8),('Canatlán',1,10),('Abasolo',1,11),('Acapulco de Juárez',1,12),('Acatlán',1,13),('Acatic',1,14),('Acambay de Ruíz Castañeda',1,15),('Acuitzio',1,16),('Amacuzac',1,17),('Acaponeta',1,18),('Abasolo',1,19),('Abejones',1,20),('Acajete',1,21),('Amealco de Bonfil',1,22),('Cozumel',1,23),('Ahualulco',1,24),('Ahome',1,25),('Aconchi',1,26),('Balancán',1,27),('Abasolo',1,28),('Amaxac de Guerrero',1,29),('Acajete',1,30),('Abalá',1,31),('Apozol',1,32),('Asientos',2,1),('Mexicali',2,2),('Mulegé',2,3),('Campeche',2,4),('Acuña',2,5),('Colima',2,6),('Acala',2,7),('Aldama',2,8),('Azcapotzalco',2,9),('Canelas',2,10),('Acámbaro',2,11),('Ahuacuotzingo',2,12),('Acaxochitlán',2,13),('Acatlán de Juárez',2,14),('Acolman',2,15),('Aguililla',2,16),('Atlatlahucan',2,17),('Ahuacatlán',2,18),('Agualeguas',2,19),('Acatlán de Pérez Figueroa',2,20),('Acateno',2,21),('Pinal de Amoles',2,22),('Felipe Carrillo Puerto',2,23),('Alaquines',2,24),('Angostura',2,25),('Agua Prieta',2,26),('Cárdenas',2,27),('Aldama',2,28),('Apetatitlán de Antonio Carvajal',2,29),('Acatlán',2,30),('Acanceh',2,31),('Apulco',2,32),('Calvillo',3,1),('Tecate',3,2),('La Paz',3,3),('Carmen',3,4),('Allende',3,5),('Comala',3,6),('Acapetahua',3,7),('Allende',3,8),('Coyoacán',3,9),('Coneto de Comonfort',3,10),('San Miguel de Allende',3,11),('Ajuchitlán del Progreso',3,12),('Actopan',3,13),('Ahualulco de Mercado',3,14),('Aculco',3,15),('Álvaro Obregón',3,16),('Axochiapan',3,17),('Amatlán de Cañas',3,18),('Los Aldamas',3,19),('Asunción Cacalotepec',3,20),('Acatlán',3,21),('Arroyo Seco',3,22),('Isla Mujeres',3,23),('Aquismón',3,24),('Badiraguato',3,25),('Alamos',3,26),('Centla',3,27),('Altamira',3,28),('Atlangatepec',3,29),('Acayucan',3,30),('Akil',3,31),('Atolinga',3,32),('Cosío',4,1),('Tijuana',4,2),('Champotón',4,4),('Arteaga',4,5),('Coquimatlán',4,6),('Altamirano',4,7),('Aquiles Serdán',4,8),('Cuajimalpa de Morelos',4,9),('Cuencamé',4,10),('Apaseo el Alto',4,11),('Alcozauca de Guerrero',4,12),('Agua Blanca de Iturbide',4,13),('Amacueca',4,14),('Almoloya de Alquisiras',4,15),('Angamacutiro',4,16),('Ayala',4,17),('Compostela',4,18),('Allende',4,19),('Asunción Cuyotepeji',4,20),('Acatzingo',4,21),('Cadereyta de Montes',4,22),('Othón P. Blanco',4,23),('Armadillo de los Infante',4,24),('Concordia',4,25),('Altar',4,26),('Centro',4,27),('Antiguo Morelos',4,28),('Atltzayanca',4,29),('Actopan',4,30),('Baca',4,31),('Benito Juárez',4,32),('Jesús María',5,1),('Playas de Rosarito',5,2),('Hecelchakán',5,4),('Candela',5,5),('Cuauhtémoc',5,6),('Amatán',5,7),('Ascensión',5,8),('Gustavo A. Madero',5,9),('Durango',5,10),('Apaseo el Grande',5,11),('Alpoyeca',5,12),('Ajacuba',5,13),('Amatitán',5,14),('Almoloya de Juárez',5,15),('Angangueo',5,16),('Coatlán del Río',5,17),('Huajicori',5,18),('Anáhuac',5,19),('Asunción Ixtaltepec',5,20),('Acteopan',5,21),('Colón',5,22),('Benito Juárez',5,23),('Cárdenas',5,24),('Cosalá',5,25),('Arivechi',5,26),('Comalcalco',5,27),('Burgos',5,28),('Apizaco',5,29),('Acula',5,30),('Bokobá',5,31),('Calera',5,32),('Pabellón de Arteaga',6,1),('Hopelchén',6,4),('Castaños',6,5),('Ixtlahuacán',6,6),('Amatenango de la Frontera',6,7),('Bachíniva',6,8),('Iztacalco',6,9),('General Simón Bolívar',6,10),('Atarjea',6,11),('Apaxtla',6,12),('Alfajayucan',6,13),('Ameca',6,14),('Almoloya del Río',6,15),('Apatzingán',6,16),('Cuautla',6,17),('Ixtlán del Río',6,18),('Apodaca',6,19),('Asunción Nochixtlán',6,20),('Ahuacatlán',6,21),('Corregidora',6,22),('José María Morelos',6,23),('Catorce',6,24),('Culiacán',6,25),('Arizpe',6,26),('Cunduacán',6,27),('Bustamante',6,28),('Calpulalpan',6,29),('Acultzingo',6,30),('Buctzotz',6,31),('Cañitas de Felipe Pescador',6,32),('Rincón de Romos',7,1),('Palizada',7,4),('Cuatro Ciénegas',7,5),('Manzanillo',7,6),('Amatenango del Valle',7,7),('Balleza',7,8),('Iztapalapa',7,9),('Gómez Palacio',7,10),('Celaya',7,11),('Arcelia',7,12),('Almoloya',7,13),('San Juanito de Escobedo',7,14),('Amanalco',7,15),('Aporo',7,16),('Cuernavaca',7,17),('Jala',7,18),('Aramberri',7,19),('Asunción Ocotlán',7,20),('Ahuatlán',7,21),('Ezequiel Montes',7,22),('Lázaro Cárdenas',7,23),('Cedral',7,24),('Choix',7,25),('Atil',7,26),('Emiliano Zapata',7,27),('Camargo',7,28),('El Carmen Tequexquitla',7,29),('Camarón de Tejeda',7,30),('Cacalchén',7,31),('Concepción del Oro',7,32),('San José de Gracia',8,1),('Los Cabos',8,3),('Tenabo',8,4),('Escobedo',8,5),('Minatitlán',8,6),('Angel Albino Corzo',8,7),('Batopilas',8,8),('La Magdalena Contreras',8,9),('Guadalupe Victoria',8,10),('Manuel Doblado',8,11),('Atenango del Río',8,12),('Apan',8,13),('Arandas',8,14),('Amatepec',8,15),('Aquila',8,16),('Emiliano Zapata',8,17),('Xalisco',8,18),('Bustamante',8,19),('Asunción Tlacolulita',8,20),('Ahuazotepec',8,21),('Huimilpan',8,22),('Solidaridad',8,23),('Cerritos',8,24),('Elota',8,25),('Bacadéhuachi',8,26),('Huimanguillo',8,27),('Casas',8,28),('Cuapiaxtla',8,29),('Alpatláhuac',8,30),('Calotmul',8,31),('Cuauhtémoc',8,32),('Tepezalá',9,1),('Loreto',9,3),('Escárcega',9,4),('Francisco I. Madero',9,5),('Tecomán',9,6),('Arriaga',9,7),('Bocoyna',9,8),('Milpa Alta',9,9),('Guanaceví',9,10),('Comonfort',9,11),('Atlamajalcingo del Monte',9,12),('El Arenal',9,13),('El Arenal',9,14),('Amecameca',9,15),('Ario',9,16),('Huitzilac',9,17),('Del Nayar',9,18),('Cadereyta Jiménez',9,19),('Ayotzintepec',9,20),('Ahuehuetitla',9,21),('Jalpan de Serra',9,22),('Tulum',9,23),('Cerro de San Pedro',9,24),('Escuinapa',9,25),('Bacanora',9,26),('Jalapa',9,27),('Ciudad Madero',9,28),('Cuaxomulco',9,29),('Alto Lucero de Gutiérrez Barrios',9,30),('Cansahcab',9,31),('Chalchihuites',9,32),('El Llano',10,1),('Calakmul',10,4),('Frontera',10,5),('Villa de Álvarez',10,6),('Bejucal de Ocampo',10,7),('Buenaventura',10,8),('Álvaro Obregón',10,9),('Hidalgo',10,10),('Coroneo',10,11),('Atlixtac',10,12),('Atitalaquia',10,13),('Atemajac de Brizuela',10,14),('Apaxco',10,15),('Arteaga',10,16),('Jantetelco',10,17),('Rosamorada',10,18),('El Carmen',10,19),('El Barrio de la Soledad',10,20),('Ajalpan',10,21),('Landa de Matamoros',10,22),('Bacalar',10,23),('Ciudad del Maíz',10,24),('El Fuerte',10,25),('Bacerac',10,26),('Jalpa de Méndez',10,27),('Cruillas',10,28),('Chiautempan',10,29),('Altotonga',10,30),('Cantamayec',10,31),('Fresnillo',10,32),('San Francisco de los Romo',11,1),('Candelaria',11,4),('General Cepeda',11,5),('Bella Vista',11,7),('Camargo',11,8),('Tláhuac',11,9),('Indé',11,10),('Cortazar',11,11),('Atoyac de Álvarez',11,12),('Atlapexco',11,13),('Atengo',11,14),('Atenco',11,15),('Briseñas',11,16),('Jiutepec',11,17),('Ruíz',11,18),('Cerralvo',11,19),('Calihualá',11,20),('Albino Zertuche',11,21),('El Marqués',11,22),('Ciudad Fernández',11,24),('Guasave',11,25),('Bacoachi',11,26),('Jonuta',11,27),('Gómez Farías',11,28),('Muñoz de Domingo Arenas',11,29),('Alvarado',11,30),('Celestún',11,31),('Trinidad García de la Cadena',11,32),('Guerrero',12,5),('Berriozábal',12,7),('Carichí',12,8),('Tlalpan',12,9),('Lerdo',12,10),('Cuerámaro',12,11),('Ayutla de los Libres',12,12),('Atotonilco el Grande',12,13),('Atenguillo',12,14),('Atizapán',12,15),('Buenavista',12,16),('Jojutla',12,17),('San Blas',12,18),('Ciénega de Flores',12,19),('Candelaria Loxicha',12,20),('Aljojuca',12,21),('Pedro Escobedo',12,22),('Tancanhuitz',12,24),('Mazatlán',12,25),('Bácum',12,26),('Macuspana',12,27),('González',12,28),('Españita',12,29),('Amatitlán',12,30),('Cenotillo',12,31),('Genaro Codina',12,32),('Hidalgo',13,5),('Bochil',13,7),('Casas Grandes',13,8),('Xochimilco',13,9),('Mapimí',13,10),('Doctor Mora',13,11),('Azoyú',13,12),('Atotonilco de Tula',13,13),('Atotonilco el Alto',13,14),('Atizapán de Zaragoza',13,15),('Carácuaro',13,16),('Jonacatepec',13,17),('San Pedro Lagunillas',13,18),('China',13,19),('Ciénega de Zimatlán',13,20),('Altepexi',13,21),('Peñamiller',13,22),('Ciudad Valles',13,24),('Mocorito',13,25),('Banámichi',13,26),('Nacajuca',13,27),('Güémez',13,28),('Huamantla',13,29),('Naranjos Amatlán',13,30),('Conkal',13,31),('General Enrique Estrada',13,32),('Jiménez',14,5),('El Bosque',14,7),('Coronado',14,8),('Benito Juárez',14,9),('Mezquital',14,10),('Dolores Hidalgo Cuna de la Independencia Nacional',14,11),('Benito Juárez',14,12),('Calnali',14,13),('Atoyac',14,14),('Atlacomulco',14,15),('Coahuayana',14,16),('Mazatepec',14,17),('Santa María del Oro',14,18),('Doctor Arroyo',14,19),('Ciudad Ixtepec',14,20),('Amixtlán',14,21),('Querétaro',14,22),('Coxcatlán',14,24),('Rosario',14,25),('Baviácora',14,26),('Paraíso',14,27),('Guerrero',14,28),('Hueyotlipan',14,29),('Amatlán de los Reyes',14,30),('Cuncunul',14,31),('General Francisco R. Murguía',14,32),('Juárez',15,5),('Cacahoatán',15,7),('Coyame del Sotol',15,8),('Cuauhtémoc',15,9),('Nazas',15,10),('Guanajuato',15,11),('Buenavista de Cuéllar',15,12),('Cardonal',15,13),('Autlán de Navarro',15,14),('Atlautla',15,15),('Coalcomán de Vázquez Pallares',15,16),('Miacatlán',15,17),('Santiago Ixcuintla',15,18),('Doctor Coss',15,19),('Coatecas Altas',15,20),('Amozoc',15,21),('San Joaquín',15,22),('Charcas',15,24),('Salvador Alvarado',15,25),('Bavispe',15,26),('Tacotalpa',15,27),('Gustavo Díaz Ordaz',15,28),('Ixtacuixtla de Mariano Matamoros',15,29),('Angel R. Cabada',15,30),('Cuzamá',15,31),('El Plateado de Joaquín Amaro',15,32),('Lamadrid',16,5),('Catazajá',16,7),('La Cruz',16,8),('Miguel Hidalgo',16,9),('Nombre de Dios',16,10),('Huanímaro',16,11),('Coahuayutla de José María Izazaga',16,12),('Cuautepec de Hinojosa',16,13),('Ayotlán',16,14),('Axapusco',16,15),('Coeneo',16,16),('Ocuituco',16,17),('Tecuala',16,18),('Doctor González',16,19),('Coicoyán de las Flores',16,20),('Aquixtla',16,21),('San Juan del Río',16,22),('Ebano',16,24),('San Ignacio',16,25),('Benjamín Hill',16,26),('Teapa',16,27),('Hidalgo',16,28),('Ixtenco',16,29),('La Antigua',16,30),('Chacsinkín',16,31),('General Pánfilo Natera',16,32),('Matamoros',17,5),('Cintalapa',17,7),('Cuauhtémoc',17,8),('Venustiano Carranza',17,9),('Ocampo',17,10),('Irapuato',17,11),('Cocula',17,12),('Chapantongo',17,13),('Ayutla',17,14),('Ayapango',17,15),('Contepec',17,16),('Puente de Ixtla',17,17),('Tepic',17,18),('Galeana',17,19),('La Compañía',17,20),('Atempan',17,21),('Tequisquiapan',17,22),('Guadalcázar',17,24),('Sinaloa',17,25),('Caborca',17,26),('Tenosique',17,27),('Jaumave',17,28),('Mazatecochco de José María Morelos',17,29),('Apazapan',17,30),('Chankom',17,31),('Guadalupe',17,32),('Monclova',18,5),('Coapilla',18,7),('Cusihuiriachi',18,8),('El Oro',18,10),('Jaral del Progreso',18,11),('Copala',18,12),('Chapulhuacán',18,13),('La Barca',18,14),('Calimaya',18,15),('Copándaro',18,16),('Temixco',18,17),('Tuxpan',18,18),('García',18,19),('Concepción Buenavista',18,20),('Atexcal',18,21),('Tolimán',18,22),('Huehuetlán',18,24),('Navolato',18,25),('Cajeme',18,26),('Jiménez',18,28),('Contla de Juan Cuamatzi',18,29),('Aquila',18,30),('Chapab',18,31),('Huanusco',18,32),('Morelos',19,5),('Comitán de Domínguez',19,7),('Chihuahua',19,8),('Otáez',19,10),('Jerécuaro',19,11),('Copalillo',19,12),('Chilcuautla',19,13),('Bolaños',19,14),('Capulhuac',19,15),('Cotija',19,16),('Tepalcingo',19,17),('La Yesca',19,18),('San Pedro Garza García',19,19),('Concepción Pápalo',19,20),('Atlixco',19,21),('Lagunillas',19,24),('Cananea',19,26),('Llera',19,28),('Tepetitla de Lardizábal',19,29),('Astacinga',19,30),('Chemax',19,31),('Jalpa',19,32),('Múzquiz',20,5),('La Concordia',20,7),('Chínipas',20,8),('Pánuco de Coronado',20,10),('León',20,11),('Copanatoyac',20,12),('Eloxochitlán',20,13),('Cabo Corrientes',20,14),('Coacalco de Berriozábal',20,15),('Cuitzeo',20,16),('Tepoztlán',20,17),('Bahía de Banderas',20,18),('General Bravo',20,19),('Constancia del Rosario',20,20),('Atoyatempan',20,21),('Matehuala',20,24),('Carbó',20,26),('Mainero',20,28),('Sanctórum de Lázaro Cárdenas',20,29),('Atlahuilco',20,30),('Chicxulub Pueblo',20,31),('Jerez',20,32),('Nadadores',21,5),('Copainalá',21,7),('Delicias',21,8),('Peñón Blanco',21,10),('Moroleón',21,11),('Coyuca de Benítez',21,12),('Emiliano Zapata',21,13),('Casimiro Castillo',21,14),('Coatepec Harinas',21,15),('Charapan',21,16),('Tetecala',21,17),('General Escobedo',21,19),('Cosolapa',21,20),('Atzala',21,21),('Mexquitic de Carmona',21,24),('La Colorada',21,26),('El Mante',21,28),('Nanacamilpa de Mariano Arista',21,29),('Atoyac',21,30),('Chichimilá',21,31),('Jiménez del Teul',21,32),('Nava',22,5),('Chalchihuitán',22,7),('Dr. Belisario Domínguez',22,8),('Poanas',22,10),('Ocampo',22,11),('Coyuca de Catalán',22,12),('Epazoyucan',22,13),('Cihuatlán',22,14),('Cocotitlán',22,15),('Charo',22,16),('Tetela del Volcán',22,17),('General Terán',22,19),('Cosoltepec',22,20),('Atzitzihuacán',22,21),('Moctezuma',22,24),('Cucurpe',22,26),('Matamoros',22,28),('Acuamanala de Miguel Hidalgo',22,29),('Atzacan',22,30),('Chikindzonot',22,31),('Juan Aldama',22,32),('Ocampo',23,5),('Chamula',23,7),('Galeana',23,8),('Pueblo Nuevo',23,10),('Pénjamo',23,11),('Cuajinicuilapa',23,12),('Francisco I. Madero',23,13),('Zapotlán el Grande',23,14),('Coyotepec',23,15),('Chavinda',23,16),('Tlalnepantla',23,17),('General Treviño',23,19),('Cuilápam de Guerrero',23,20),('Atzitzintla',23,21),('Rayón',23,24),('Cumpas',23,26),('Méndez',23,28),('Natívitas',23,29),('Atzalan',23,30),('Chocholá',23,31),('Juchipila',23,32),('Parras',24,5),('Chanal',24,7),('Santa Isabel',24,8),('Rodeo',24,10),('Pueblo Nuevo',24,11),('Cualác',24,12),('Huasca de Ocampo',24,13),('Cocula',24,14),('Cuautitlán',24,15),('Cherán',24,16),('Tlaltizapán de Zapata',24,17),('General Zaragoza',24,19),('Cuyamecalco Villa de Zaragoza',24,20),('Axutla',24,21),('Rioverde',24,24),('Divisaderos',24,26),('Mier',24,28),('Panotla',24,29),('Tlaltetela',24,30),('Chumayel',24,31),('Loreto',24,32),('Piedras Negras',25,5),('Chapultenango',25,7),('Gómez Farías',25,8),('San Bernardo',25,10),('Purísima del Rincón',25,11),('Cuautepec',25,12),('Huautla',25,13),('Colotlán',25,14),('Chalco',25,15),('Chilchota',25,16),('Tlaquiltenango',25,17),('General Zuazua',25,19),('Chahuites',25,20),('Ayotoxco de Guerrero',25,21),('Salinas',25,24),('Empalme',25,26),('Miguel Alemán',25,28),('San Pablo del Monte',25,29),('Ayahualulco',25,30),('Dzán',25,31),('Luis Moya',25,32),('Progreso',26,5),('Chenalhó',26,7),('Gran Morelos',26,8),('San Dimas',26,10),('Romita',26,11),('Cuetzala del Progreso',26,12),('Huazalingo',26,13),('Concepción de Buenos Aires',26,14),('Chapa de Mota',26,15),('Chinicuila',26,16),('Tlayacapan',26,17),('Guadalupe',26,19),('Chalcatongo de Hidalgo',26,20),('Calpan',26,21),('San Antonio',26,24),('Etchojoa',26,26),('Miquihuana',26,28),('Santa Cruz Tlaxcala',26,29),('Banderilla',26,30),('Dzemul',26,31),('Mazapil',26,32),('Ramos Arizpe',27,5),('Chiapa de Corzo',27,7),('Guachochi',27,8),('San Juan de Guadalupe',27,10),('Salamanca',27,11),('Cutzamala de Pinzón',27,12),('Huehuetla',27,13),('Cuautitlán de García Barragán',27,14),('Chapultepec',27,15),('Chucándiro',27,16),('Totolapan',27,17),('Los Herreras',27,19),('Chiquihuitlán de Benito Juárez',27,20),('Caltepec',27,21),('San Ciro de Acosta',27,24),('Fronteras',27,26),('Nuevo Laredo',27,28),('Tenancingo',27,29),('Benito Juárez',27,30),('Dzidzantún',27,31),('Melchor Ocampo',27,32),('Sabinas',28,5),('Chiapilla',28,7),('Guadalupe',28,8),('San Juan del Río',28,10),('Salvatierra',28,11),('Chilapa de Álvarez',28,12),('Huejutla de Reyes',28,13),('Cuautla',28,14),('Chiautla',28,15),('Churintzio',28,16),('Xochitepec',28,17),('Higueras',28,19),('Heroica Ciudad de Ejutla de Crespo',28,20),('Camocuautla',28,21),('San Luis Potosí',28,24),('Granados',28,26),('Nuevo Morelos',28,28),('Teolocholco',28,29),('Boca del Río',28,30),('Dzilam de Bravo',28,31),('Mezquital del Oro',28,32),('Sacramento',29,5),('Chicoasén',29,7),('Guadalupe y Calvo',29,8),('San Luis del Cordero',29,10),('San Diego de la Unión',29,11),('Chilpancingo de los Bravo',29,12),('Huichapan',29,13),('Cuquío',29,14),('Chicoloapan',29,15),('Churumuco',29,16),('Yautepec',29,17),('Hualahuises',29,19),('Eloxochitlán de Flores Magón',29,20),('Caxhuacan',29,21),('San Martín Chalchicuautla',29,24),('Guaymas',29,26),('Ocampo',29,28),('Tepeyanco',29,29),('Calcahualco',29,30),('Dzilam González',29,31),('Miguel Auza',29,32),('Saltillo',30,5),('Chicomuselo',30,7),('Guazapares',30,8),('San Pedro del Gallo',30,10),('San Felipe',30,11),('Florencio Villarreal',30,12),('Ixmiquilpan',30,13),('Chapala',30,14),('Chiconcuac',30,15),('Ecuandureo',30,16),('Yecapixtla',30,17),('Iturbide',30,19),('El Espinal',30,20),('Coatepec',30,21),('San Nicolás Tolentino',30,24),('Hermosillo',30,26),('Padilla',30,28),('Terrenate',30,29),('Camerino Z. Mendoza',30,30),('Dzitás',30,31),('Momax',30,32),('San Buenaventura',31,5),('Chilón',31,7),('Guerrero',31,8),('Santa Clara',31,10),('San Francisco del Rincón',31,11),('General Canuto A. Neri',31,12),('Jacala de Ledezma',31,13),('Chimaltitán',31,14),('Chimalhuacán',31,15),('Epitacio Huerta',31,16),('Zacatepec',31,17),('Juárez',31,19),('Tamazulápam del Espíritu Santo',31,20),('Coatzingo',31,21),('Santa Catarina',31,24),('Huachinera',31,26),('Palmillas',31,28),('Tetla de la Solidaridad',31,29),('Carrillo Puerto',31,30),('Dzoncauich',31,31),('Monte Escobedo',31,32),('San Juan de Sabinas',32,5),('Escuintla',32,7),('Hidalgo del Parral',32,8),('Santiago Papasquiaro',32,10),('San José Iturbide',32,11),('General Heliodoro Castillo',32,12),('Jaltocán',32,13),('Chiquilistlán',32,14),('Donato Guerra',32,15),('Erongarícuaro',32,16),('Zacualpan',32,17),('Lampazos de Naranjo',32,19),('Fresnillo de Trujano',32,20),('Cohetzala',32,21),('Santa María del Río',32,24),('Huásabas',32,26),('Reynosa',32,28),('Tetlatlahuca',32,29),('Catemaco',32,30),('Espita',32,31),('Morelos',32,32),('San Pedro',33,5),('Francisco León',33,7),('Huejotitán',33,8),('Súchil',33,10),('San Luis de la Paz',33,11),('Huamuxtitlán',33,12),('Juárez Hidalgo',33,13),('Degollado',33,14),('Ecatepec de Morelos',33,15),('Gabriel Zamora',33,16),('Temoac',33,17),('Linares',33,19),('Guadalupe Etla',33,20),('Cohuecan',33,21),('Santo Domingo',33,24),('Huatabampo',33,26),('Río Bravo',33,28),('Tlaxcala',33,29),('Cazones de Herrera',33,30),('Halachó',33,31),('Moyahua de Estrada',33,32),('Sierra Mojada',34,5),('Frontera Comalapa',34,7),('Ignacio Zaragoza',34,8),('Tamazula',34,10),('Santa Catarina',34,11),('Huitzuco de los Figueroa',34,12),('Lolotla',34,13),('Ejutla',34,14),('Ecatzingo',34,15),('Hidalgo',34,16),('Marín',34,19),('Guadalupe de Ramírez',34,20),('Coronango',34,21),('San Vicente Tancuayalab',34,24),('Huépac',34,26),('San Carlos',34,28),('Tlaxco',34,29),('Cerro Azul',34,30),('Hocabá',34,31),('Nochistlán de Mejía',34,32),('Torreón',35,5),('Frontera Hidalgo',35,7),('Janos',35,8),('Tepehuanes',35,10),('Santa Cruz de Juventino Rosas',35,11),('Iguala de la Independencia',35,12),('Metepec',35,13),('Encarnación de Díaz',35,14),('Huehuetoca',35,15),('La Huacana',35,16),('Melchor Ocampo',35,19),('Guelatao de Juárez',35,20),('Coxcatlán',35,21),('Soledad de Graciano Sánchez',35,24),('Imuris',35,26),('San Fernando',35,28),('Tocatlán',35,29),('Citlaltépetl',35,30),('Hoctún',35,31),('Noria de Ángeles',35,32),('Viesca',36,5),('La Grandeza',36,7),('Jiménez',36,8),('Tlahualilo',36,10),('Santiago Maravatío',36,11),('Igualapa',36,12),('San Agustín Metzquititlán',36,13),('Etzatlán',36,14),('Hueypoxtla',36,15),('Huandacareo',36,16),('Mier y Noriega',36,19),('Guevea de Humboldt',36,20),('Coyomeapan',36,21),('Tamasopo',36,24),('Magdalena',36,26),('San Nicolás',36,28),('Totolac',36,29),('Coacoatzintla',36,30),('Homún',36,31),('Ojocaliente',36,32),('Villa Unión',37,5),('Huehuetán',37,7),('Juárez',37,8),('Topia',37,10),('Silao de la Victoria',37,11),('Ixcateopan de Cuauhtémoc',37,12),('Metztitlán',37,13),('El Grullo',37,14),('Huixquilucan',37,15),('Huaniqueo',37,16),('Mina',37,19),('Mesones Hidalgo',37,20),('Coyotepec',37,21),('Tamazunchale',37,24),('Mazatán',37,26),('Soto la Marina',37,28),('Ziltlaltépec de Trinidad Sánchez Santos',37,29),('Coahuitlán',37,30),('Huhí',37,31),('Pánuco',37,32),('Zaragoza',38,5),('Huixtán',38,7),('Julimes',38,8),('Vicente Guerrero',38,10),('Tarandacuao',38,11),('Zihuatanejo de Azueta',38,12),('Mineral del Chico',38,13),('Guachinango',38,14),('Isidro Fabela',38,15),('Huetamo',38,16),('Montemorelos',38,19),('Villa Hidalgo',38,20),('Cuapiaxtla de Madero',38,21),('Tampacán',38,24),('Moctezuma',38,26),('Tampico',38,28),('Tzompantepec',38,29),('Coatepec',38,30),('Hunucmá',38,31),('Pinos',38,32),('Huitiupán',39,7),('López',39,8),('Nuevo Ideal',39,10),('Tarimoro',39,11),('Juan R. Escudero',39,12),('Mineral del Monte',39,13),('Guadalajara',39,14),('Ixtapaluca',39,15),('Huiramba',39,16),('Monterrey',39,19),('Heroica Ciudad de Huajuapan de León',39,20),('Cuautempan',39,21),('Tampamolón Corona',39,24),('Naco',39,26),('Tula',39,28),('Xaloztoc',39,29),('Coatzacoalcos',39,30),('Ixil',39,31),('Río Grande',39,32),('Huixtla',40,7),('Madera',40,8),('Tierra Blanca',40,11),('Leonardo Bravo',40,12),('La Misión',40,13),('Hostotipaquillo',40,14),('Ixtapan de la Sal',40,15),('Indaparapeo',40,16),('Parás',40,19),('Huautepec',40,20),('Cuautinchán',40,21),('Tamuín',40,24),('Nácori Chico',40,26),('Valle Hermoso',40,28),('Xaltocan',40,29),('Coatzintla',40,30),('Izamal',40,31),('Sain Alto',40,32),('La Independencia',41,7),('Maguarichi',41,8),('Uriangato',41,11),('Malinaltepec',41,12),('Mixquiahuala de Juárez',41,13),('Huejúcar',41,14),('Ixtapan del Oro',41,15),('Irimbo',41,16),('Pesquería',41,19),('Huautla de Jiménez',41,20),('Cuautlancingo',41,21),('Tanlajás',41,24),('Nacozari de García',41,26),('Victoria',41,28),('Papalotla de Xicohténcatl',41,29),('Coetzala',41,30),('Kanasín',41,31),('El Salvador',41,32),('Ixhuatán',42,7),('Manuel Benavides',42,8),('Valle de Santiago',42,11),('Mártir de Cuilapan',42,12),('Molango de Escamilla',42,13),('Huejuquilla el Alto',42,14),('Ixtlahuaca',42,15),('Ixtlán',42,16),('Los Ramones',42,19),('Ixtlán de Juárez',42,20),('Cuayuca de Andrade',42,21),('Tanquián de Escobedo',42,24),('Navojoa',42,26),('Villagrán',42,28),('Xicohtzinco',42,29),('Colipa',42,30),('Kantunil',42,31),('Sombrerete',42,32),('Ixtacomitán',43,7),('Matachí',43,8),('Victoria',43,11),('Metlatónoc',43,12),('Nicolás Flores',43,13),('La Huerta',43,14),('Xalatlaco',43,15),('Jacona',43,16),('Rayones',43,19),('Heroica Ciudad de Juchitán de Zaragoza',43,20),('Cuetzalan del Progreso',43,21),('Tierra Nueva',43,24),('Nogales',43,26),('Xicoténcatl',43,28),('Yauhquemehcan',43,29),('Comapa',43,30),('Kaua',43,31),('Susticacán',43,32),('Ixtapa',44,7),('Matamoros',44,8),('Villagrán',44,11),('Mochitlán',44,12),('Nopala de Villagrán',44,13),('Ixtlahuacán de los Membrillos',44,14),('Jaltenco',44,15),('Jiménez',44,16),('Sabinas Hidalgo',44,19),('Loma Bonita',44,20),('Cuyoaco',44,21),('Vanegas',44,24),('Onavas',44,26),('Zacatelco',44,29),('Córdoba',44,30),('Kinchil',44,31),('Tabasco',44,32),('Ixtapangajoya',45,7),('Meoqui',45,8),('Xichú',45,11),('Olinalá',45,12),('Omitlán de Juárez',45,13),('Ixtlahuacán del Río',45,14),('Jilotepec',45,15),('Jiquilpan',45,16),('Salinas Victoria',45,19),('Magdalena Apasco',45,20),('Chalchicomula de Sesma',45,21),('Venado',45,24),('Opodepe',45,26),('Benito Juárez',45,29),('Cosamaloapan de Carpio',45,30),('Kopomá',45,31),('Tepechitlán',45,32),('Jiquipilas',46,7),('Morelos',46,8),('Yuriria',46,11),('Ometepec',46,12),('San Felipe Orizatlán',46,13),('Jalostotitlán',46,14),('Jilotzingo',46,15),('Juárez',46,16),('San Nicolás de los Garza',46,19),('Magdalena Jaltepec',46,20),('Chapulco',46,21),('Villa de Arriaga',46,24),('Oquitoa',46,26),('Emiliano Zapata',46,29),('Cosautlán de Carvajal',46,30),('Mama',46,31),('Tepetongo',46,32),('Jitotol',47,7),('Moris',47,8),('Pedro Ascencio Alquisiras',47,12),('Pacula',47,13),('Jamay',47,14),('Jiquipilco',47,15),('Jungapeo',47,16),('Hidalgo',47,19),('Santa Magdalena Jicotlán',47,20),('Chiautla',47,21),('Villa de Guadalupe',47,24),('Pitiquito',47,26),('Lázaro Cárdenas',47,29),('Coscomatepec',47,30),('Maní',47,31),('Teúl de González Ortega',47,32),('Juárez',48,7),('Namiquipa',48,8),('Petatlán',48,12),('Pachuca de Soto',48,13),('Jesús María',48,14),('Jocotitlán',48,15),('Lagunillas',48,16),('Santa Catarina',48,19),('Magdalena Mixtepec',48,20),('Chiautzingo',48,21),('Villa de la Paz',48,24),('Puerto Peñasco',48,26),('La Magdalena Tlaltelulco',48,29),('Cosoleacaque',48,30),('Maxcanú',48,31),('Tlaltenango de Sánchez Román',48,32),('Larráinzar',49,7),('Nonoava',49,8),('Pilcaya',49,12),('Pisaflores',49,13),('Jilotlán de los Dolores',49,14),('Joquicingo',49,15),('Madero',49,16),('Santiago',49,19),('Magdalena Ocotlán',49,20),('Chiconcuautla',49,21),('Villa de Ramos',49,24),('Quiriego',49,26),('San Damián Texóloc',49,29),('Cotaxtla',49,30),('Mayapán',49,31),('Valparaíso',49,32),('La Libertad',50,7),('Nuevo Casas Grandes',50,8),('Pungarabato',50,12),('Progreso de Obregón',50,13),('Jocotepec',50,14),('Juchitepec',50,15),('Maravatío',50,16),('Vallecillo',50,19),('Magdalena Peñasco',50,20),('Chichiquila',50,21),('Villa de Reyes',50,24),('Rayón',50,26),('San Francisco Tetlanohcan',50,29),('Coxquihui',50,30),('Mérida',50,31),('Vetagrande',50,32),('Mapastepec',51,7),('Ocampo',51,8),('Quechultenango',51,12),('Mineral de la Reforma',51,13),('Juanacatlán',51,14),('Lerma',51,15),('Marcos Castellanos',51,16),('Villaldama',51,19),('Magdalena Teitipac',51,20),('Chietla',51,21),('Villa Hidalgo',51,24),('Rosario',51,26),('San Jerónimo Zacualpan',51,29),('Coyutla',51,30),('Mocochá',51,31),('Villa de Cos',51,32),('Las Margaritas',52,7),('Ojinaga',52,8),('San Luis Acatlán',52,12),('San Agustín Tlaxiaca',52,13),('Juchitlán',52,14),('Malinalco',52,15),('Lázaro Cárdenas',52,16),('Magdalena Tequisistlán',52,20),('Chigmecatitlán',52,21),('Villa Juárez',52,24),('Sahuaripa',52,26),('San José Teacalco',52,29),('Cuichapa',52,30),('Motul',52,31),('Villa García',52,32),('Mazapa de Madero',53,7),('Praxedis G. Guerrero',53,8),('San Marcos',53,12),('San Bartolo Tutotepec',53,13),('Lagos de Moreno',53,14),('Melchor Ocampo',53,15),('Morelia',53,16),('Magdalena Tlacotepec',53,20),('Chignahuapan',53,21),('Axtla de Terrazas',53,24),('San Felipe de Jesús',53,26),('San Juan Huactzinco',53,29),('Cuitláhuac',53,30),('Muna',53,31),('Villa González Ortega',53,32),('Mazatán',54,7),('Riva Palacio',54,8),('San Miguel Totolapan',54,12),('San Salvador',54,13),('El Limón',54,14),('Metepec',54,15),('Morelos',54,16),('Magdalena Zahuatlán',54,20),('Chignautla',54,21),('Xilitla',54,24),('San Javier',54,26),('San Lorenzo Axocomanitla',54,29),('Chacaltianguis',54,30),('Muxupip',54,31),('Villa Hidalgo',54,32),('Metapa',55,7),('Rosales',55,8),('Taxco de Alarcón',55,12),('Santiago de Anaya',55,13),('Magdalena',55,14),('Mexicaltzingo',55,15),('Múgica',55,16),('Mariscala de Juárez',55,20),('Chila',55,21),('Zaragoza',55,24),('San Luis Río Colorado',55,26),('San Lucas Tecopilco',55,29),('Chalma',55,30),('Opichén',55,31),('Villanueva',55,32),('Mitontic',56,7),('Rosario',56,8),('Tecoanapa',56,12),('Santiago Tulantepec de Lugo Guerrero',56,13),('Santa María del Oro',56,14),('Morelos',56,15),('Nahuatzen',56,16),('Mártires de Tacubaya',56,20),('Chila de la Sal',56,21),('Villa de Arista',56,24),('San Miguel de Horcasitas',56,26),('Santa Ana Nopalucan',56,29),('Chiconamel',56,30),('Oxkutzcab',56,31),('Zacatecas',56,32),('Motozintla',57,7),('San Francisco de Borja',57,8),('Técpan de Galeana',57,12),('Singuilucan',57,13),('La Manzanilla de la Paz',57,14),('Naucalpan de Juárez',57,15),('Nocupétaro',57,16),('Matías Romero Avendaño',57,20),('Honey',57,21),('Matlapa',57,24),('San Pedro de la Cueva',57,26),('Santa Apolonia Teacalco',57,29),('Chiconquiaco',57,30),('Panabá',57,31),('Trancoso',57,32),('Nicolás Ruíz',58,7),('San Francisco de Conchos',58,8),('Teloloapan',58,12),('Tasquillo',58,13),('Mascota',58,14),('Nezahualcóyotl',58,15),('Nuevo Parangaricutiro',58,16),('Mazatlán Villa de Flores',58,20),('Chilchotla',58,21),('El Naranjo',58,24),('Santa Ana',58,26),('Santa Catarina Ayometla',58,29),('Chicontepec',58,30),('Peto',58,31),('Santa María de la Paz',58,32),('Ocosingo',59,7),('San Francisco del Oro',59,8),('Tepecoacuilco de Trujano',59,12),('Tecozautla',59,13),('Mazamitla',59,14),('Nextlalpan',59,15),('Nuevo Urecho',59,16),('Miahuatlán de Porfirio Díaz',59,20),('Chinantla',59,21),('Santa Cruz',59,26),('Santa Cruz Quilehtla',59,29),('Chinameca',59,30),('Progreso',59,31),('Ocotepec',60,7),('Santa Bárbara',60,8),('Tetipac',60,12),('Tenango de Doria',60,13),('Mexticacán',60,14),('Nicolás Romero',60,15),('Numarán',60,16),('Mixistlán de la Reforma',60,20),('Domingo Arenas',60,21),('Sáric',60,26),('Santa Isabel Xiloxoxtla',60,29),('Chinampa de Gorostiza',60,30),('Quintana Roo',60,31),('Ocozocoautla de Espinosa',61,7),('Satevó',61,8),('Tixtla de Guerrero',61,12),('Tepeapulco',61,13),('Mezquitic',61,14),('Nopaltepec',61,15),('Ocampo',61,16),('Monjas',61,20),('Eloxochitlán',61,21),('Soyopa',61,26),('Las Choapas',61,30),('Río Lagartos',61,31),('Ostuacán',62,7),('Saucillo',62,8),('Tlacoachistlahuaca',62,12),('Tepehuacán de Guerrero',62,13),('Mixtlán',62,14),('Ocoyoacac',62,15),('Pajacuarán',62,16),('Natividad',62,20),('Epatlán',62,21),('Suaqui Grande',62,26),('Chocamán',62,30),('Sacalum',62,31),('Osumacinta',63,7),('Temósachic',63,8),('Tlacoapa',63,12),('Tepeji del Río de Ocampo',63,13),('Ocotlán',63,14),('Ocuilan',63,15),('Panindícuaro',63,16),('Nazareno Etla',63,20),('Esperanza',63,21),('Tepache',63,26),('Chontla',63,30),('Samahil',63,31),('Oxchuc',64,7),('El Tule',64,8),('Tlalchapa',64,12),('Tepetitlán',64,13),('Ojuelos de Jalisco',64,14),('El Oro',64,15),('Parácuaro',64,16),('Nejapa de Madero',64,20),('Francisco Z. Mena',64,21),('Trincheras',64,26),('Chumatlán',64,30),('Sanahcat',64,31),('Palenque',65,7),('Urique',65,8),('Tlalixtaquilla de Maldonado',65,12),('Tetepango',65,13),('Pihuamo',65,14),('Otumba',65,15),('Paracho',65,16),('Ixpantepec Nieves',65,20),('General Felipe Ángeles',65,21),('Tubutama',65,26),('Emiliano Zapata',65,30),('San Felipe',65,31),('Pantelhó',66,7),('Uruachi',66,8),('Tlapa de Comonfort',66,12),('Villa de Tezontepec',66,13),('Poncitlán',66,14),('Otzoloapan',66,15),('Pátzcuaro',66,16),('Santiago Niltepec',66,20),('Guadalupe',66,21),('Ures',66,26),('Espinal',66,30),('Santa Elena',66,31),('Pantepec',67,7),('Valle de Zaragoza',67,8),('Tlapehuala',67,12),('Tezontepec de Aldama',67,13),('Puerto Vallarta',67,14),('Otzolotepec',67,15),('Penjamillo',67,16),('Oaxaca de Juárez',67,20),('Guadalupe Victoria',67,21),('Villa Hidalgo',67,26),('Filomeno Mata',67,30),('Seyé',67,31),('Pichucalco',68,7),('La Unión de Isidoro Montes de Oca',68,12),('Tianguistengo',68,13),('Villa Purificación',68,14),('Ozumba',68,15),('Peribán',68,16),('Ocotlán de Morelos',68,20),('Hermenegildo Galeana',68,21),('Villa Pesqueira',68,26),('Fortín',68,30),('Sinanché',68,31),('Pijijiapan',69,7),('Xalpatláhuac',69,12),('Tizayuca',69,13),('Quitupan',69,14),('Papalotla',69,15),('La Piedad',69,16),('La Pe',69,20),('Huaquechula',69,21),('Yécora',69,26),('Gutiérrez Zamora',69,30),('Sotuta',69,31),('El Porvenir',70,7),('Xochihuehuetlán',70,12),('Tlahuelilpan',70,13),('El Salto',70,14),('La Paz',70,15),('Purépero',70,16),('Pinotepa de Don Luis',70,20),('Huatlatlauca',70,21),('General Plutarco Elías Calles',70,26),('Hidalgotitlán',70,30),('Sucilá',70,31),('Villa Comaltitlán',71,7),('Xochistlahuaca',71,12),('Tlahuiltepa',71,13),('San Cristóbal de la Barranca',71,14),('Polotitlán',71,15),('Puruándiro',71,16),('Pluma Hidalgo',71,20),('Huauchinango',71,21),('Benito Juárez',71,26),('Huatusco',71,30),('Sudzal',71,31),('Pueblo Nuevo Solistahuacán',72,7),('Zapotitlán Tablas',72,12),('Tlanalapa',72,13),('San Diego de Alejandría',72,14),('Rayón',72,15),('Queréndaro',72,16),('San José del Progreso',72,20),('Huehuetla',72,21),('San Ignacio Río Muerto',72,26),('Huayacocotla',72,30),('Suma',72,31),('Rayón',73,7),('Zirándaro',73,12),('Tlanchinol',73,13),('San Juan de los Lagos',73,14),('San Antonio la Isla',73,15),('Quiroga',73,16),('Putla Villa de Guerrero',73,20),('Huehuetlán el Chico',73,21),('Hueyapan de Ocampo',73,30),('Tahdziú',73,31),('Reforma',74,7),('Zitlala',74,12),('Tlaxcoapan',74,13),('San Julián',74,14),('San Felipe del Progreso',74,15),('Cojumatlán de Régules',74,16),('Santa Catarina Quioquitani',74,20),('Huejotzingo',74,21),('Huiloapan de Cuauhtémoc',74,30),('Tahmek',74,31),('Las Rosas',75,7),('Eduardo Neri',75,12),('Tolcayuca',75,13),('San Marcos',75,14),('San Martín de las Pirámides',75,15),('Los Reyes',75,16),('Reforma de Pineda',75,20),('Hueyapan',75,21),('Ignacio de la Llave',75,30),('Teabo',75,31),('Sabanilla',76,7),('Acatepec',76,12),('Tula de Allende',76,13),('San Martín de Bolaños',76,14),('San Mateo Atenco',76,15),('Sahuayo',76,16),('La Reforma',76,20),('Hueytamalco',76,21),('Ilamatlán',76,30),('Tecoh',76,31),('Salto de Agua',77,7),('Marquelia',77,12),('Tulancingo de Bravo',77,13),('San Martín Hidalgo',77,14),('San Simón de Guerrero',77,15),('San Lucas',77,16),('Reyes Etla',77,20),('Hueytlalpan',77,21),('Isla',77,30),('Tekal de Venegas',77,31),('San Cristóbal de las Casas',78,7),('Cochoapa el Grande',78,12),('Xochiatipan',78,13),('San Miguel el Alto',78,14),('Santo Tomás',78,15),('Santa Ana Maya',78,16),('Rojas de Cuauhtémoc',78,20),('Huitzilan de Serdán',78,21),('Ixcatepec',78,30),('Tekantó',78,31),('San Fernando',79,7),('José Joaquín de Herrera',79,12),('Xochicoatlán',79,13),('Gómez Farías',79,14),('Soyaniquilpan de Juárez',79,15),('Salvador Escalante',79,16),('Salina Cruz',79,20),('Huitziltepec',79,21),('Ixhuacán de los Reyes',79,30),('Tekax',79,31),('Siltepec',80,7),('Juchitán',80,12),('Yahualica',80,13),('San Sebastián del Oeste',80,14),('Sultepec',80,15),('Senguio',80,16),('San Agustín Amatengo',80,20),('Atlequizayan',80,21),('Ixhuatlán del Café',80,30),('Tekit',80,31),('Simojovel',81,7),('Iliatenco',81,12),('Zacualtipán de Ángeles',81,13),('Santa María de los Ángeles',81,14),('Tecámac',81,15),('Susupuato',81,16),('San Agustín Atenango',81,20),('Ixcamilpa de Guerrero',81,21),('Ixhuatlancillo',81,30),('Tekom',81,31),('Sitalá',82,7),('Zapotlán de Juárez',82,13),('Sayula',82,14),('Tejupilco',82,15),('Tacámbaro',82,16),('San Agustín Chayuco',82,20),('Ixcaquixtla',82,21),('Ixhuatlán del Sureste',82,30),('Telchac Pueblo',82,31),('Socoltenango',83,7),('Zempoala',83,13),('Tala',83,14),('Temamatla',83,15),('Tancítaro',83,16),('San Agustín de las Juntas',83,20),('Ixtacamaxtitlán',83,21),('Ixhuatlán de Madero',83,30),('Telchac Puerto',83,31),('Solosuchiapa',84,7),('Zimapán',84,13),('Talpa de Allende',84,14),('Temascalapa',84,15),('Tangamandapio',84,16),('San Agustín Etla',84,20),('Ixtepec',84,21),('Ixmatlahuacan',84,30),('Temax',84,31),('Soyaló',85,7),('Tamazula de Gordiano',85,14),('Temascalcingo',85,15),('Tangancícuaro',85,16),('San Agustín Loxicha',85,20),('Izúcar de Matamoros',85,21),('Ixtaczoquitlán',85,30),('Temozón',85,31),('Suchiapa',86,7),('Tapalpa',86,14),('Temascaltepec',86,15),('Tanhuato',86,16),('San Agustín Tlacotepec',86,20),('Jalpan',86,21),('Jalacingo',86,30),('Tepakán',86,31),('Suchiate',87,7),('Tecalitlán',87,14),('Temoaya',87,15),('Taretan',87,16),('San Agustín Yatareni',87,20),('Jolalpan',87,21),('Xalapa',87,30),('Tetiz',87,31),('Sunuapa',88,7),('Tecolotlán',88,14),('Tenancingo',88,15),('Tarímbaro',88,16),('San Andrés Cabecera Nueva',88,20),('Jonotla',88,21),('Jalcomulco',88,30),('Teya',88,31),('Tapachula',89,7),('Techaluta de Montenegro',89,14),('Tenango del Aire',89,15),('Tepalcatepec',89,16),('San Andrés Dinicuiti',89,20),('Jopala',89,21),('Jáltipan',89,30),('Ticul',89,31),('Tapalapa',90,7),('Tenamaxtlán',90,14),('Tenango del Valle',90,15),('Tingambato',90,16),('San Andrés Huaxpaltepec',90,20),('Juan C. Bonilla',90,21),('Jamapa',90,30),('Timucuy',90,31),('Tapilula',91,7),('Teocaltiche',91,14),('Teoloyucan',91,15),('Tingüindín',91,16),('San Andrés Huayápam',91,20),('Juan Galindo',91,21),('Jesús Carranza',91,30),('Tinum',91,31),('Tecpatán',92,7),('Teocuitatlán de Corona',92,14),('Teotihuacán',92,15),('Tiquicheo de Nicolás Romero',92,16),('San Andrés Ixtlahuaca',92,20),('Juan N. Méndez',92,21),('Xico',92,30),('Tixcacalcupul',92,31),('Tenejapa',93,7),('Tepatitlán de Morelos',93,14),('Tepetlaoxtoc',93,15),('Tlalpujahua',93,16),('San Andrés Lagunas',93,20),('Lafragua',93,21),('Jilotepec',93,30),('Tixkokob',93,31),('Teopisca',94,7),('Tequila',94,14),('Tepetlixpa',94,15),('Tlazazalca',94,16),('San Andrés Nuxiño',94,20),('Libres',94,21),('Juan Rodríguez Clara',94,30),('Tixmehuac',94,31),('Teuchitlán',95,14),('Tepotzotlán',95,15),('Tocumbo',95,16),('San Andrés Paxtlán',95,20),('La Magdalena Tlatlauquitepec',95,21),('Juchique de Ferrer',95,30),('Tixpéhual',95,31),('Tila',96,7),('Tizapán el Alto',96,14),('Tequixquiac',96,15),('Tumbiscatío',96,16),('San Andrés Sinaxtla',96,20),('Mazapiltepec de Juárez',96,21),('Landero y Coss',96,30),('Tizimín',96,31),('Tonalá',97,7),('Tlajomulco de Zúñiga',97,14),('Texcaltitlán',97,15),('Turicato',97,16),('San Andrés Solaga',97,20),('Mixtla',97,21),('Lerdo de Tejada',97,30),('Tunkás',97,31),('Totolapa',98,7),('San Pedro Tlaquepaque',98,14),('Texcalyacac',98,15),('Tuxpan',98,16),('San Andrés Teotilálpam',98,20),('Molcaxac',98,21),('Magdalena',98,30),('Tzucacab',98,31),('La Trinitaria',99,7),('Tolimán',99,14),('Texcoco',99,15),('Tuzantla',99,16),('San Andrés Tepetlapa',99,20),('Cañada Morelos',99,21),('Maltrata',99,30),('Uayma',99,31),('Tumbalá',100,7),('Tomatlán',100,14),('Tezoyuca',100,15),('Tzintzuntzan',100,16),('San Andrés Yaá',100,20),('Naupan',100,21),('Manlio Fabio Altamirano',100,30),('Ucú',100,31),('Tuxtla Gutiérrez',101,7),('Tonalá',101,14),('Tianguistenco',101,15),('Tzitzio',101,16),('San Andrés Zabache',101,20),('Nauzontla',101,21),('Mariano Escobedo',101,30),('Umán',101,31),('Tuxtla Chico',102,7),('Tonaya',102,14),('Timilpan',102,15),('Uruapan',102,16),('San Andrés Zautla',102,20),('Nealtican',102,21),('Martínez de la Torre',102,30),('Valladolid',102,31),('Tuzantán',103,7),('Tonila',103,14),('Tlalmanalco',103,15),('Venustiano Carranza',103,16),('San Antonino Castillo Velasco',103,20),('Nicolás Bravo',103,21),('Mecatlán',103,30),('Xocchel',103,31),('Tzimol',104,7),('Totatiche',104,14),('Tlalnepantla de Baz',104,15),('Villamar',104,16),('San Antonino el Alto',104,20),('Nopalucan',104,21),('Mecayapan',104,30),('Yaxcabá',104,31),('Unión Juárez',105,7),('Tototlán',105,14),('Tlatlaya',105,15),('Vista Hermosa',105,16),('San Antonino Monte Verde',105,20),('Ocotepec',105,21),('Medellín',105,30),('Yaxkukul',105,31),('Venustiano Carranza',106,7),('Tuxcacuesco',106,14),('Toluca',106,15),('Yurécuaro',106,16),('San Antonio Acutla',106,20),('Ocoyucan',106,21),('Miahuatlán',106,30),('Yobaín',106,31),('Villa Corzo',107,7),('Tuxcueca',107,14),('Tonatico',107,15),('Zacapu',107,16),('San Antonio de la Cal',107,20),('Olintla',107,21),('Las Minas',107,30),('Villaflores',108,7),('Tuxpan',108,14),('Tultepec',108,15),('Zamora',108,16),('San Antonio Huitepec',108,20),('Oriental',108,21),('Minatitlán',108,30),('Yajalón',109,7),('Unión de San Antonio',109,14),('Tultitlán',109,15),('Zináparo',109,16),('San Antonio Nanahuatípam',109,20),('Pahuatlán',109,21),('Misantla',109,30),('San Lucas',110,7),('Unión de Tula',110,14),('Valle de Bravo',110,15),('Zinapécuaro',110,16),('San Antonio Sinicahua',110,20),('Palmar de Bravo',110,21),('Mixtla de Altamirano',110,30),('Zinacantán',111,7),('Valle de Guadalupe',111,14),('Villa de Allende',111,15),('Ziracuaretiro',111,16),('San Antonio Tepetlapa',111,20),('Pantepec',111,21),('Moloacán',111,30),('San Juan Cancuc',112,7),('Valle de Juárez',112,14),('Villa del Carbón',112,15),('Zitácuaro',112,16),('San Baltazar Chichicápam',112,20),('Petlalcingo',112,21),('Naolinco',112,30),('Aldama',113,7),('San Gabriel',113,14),('Villa Guerrero',113,15),('José Sixto Verduzco',113,16),('San Baltazar Loxicha',113,20),('Piaxtla',113,21),('Naranjal',113,30),('Benemérito de las Américas',114,7),('Villa Corona',114,14),('Villa Victoria',114,15),('San Baltazar Yatzachi el Bajo',114,20),('Puebla',114,21),('Nautla',114,30),('Maravilla Tenejapa',115,7),('Villa Guerrero',115,14),('Xonacatlán',115,15),('San Bartolo Coyotepec',115,20),('Quecholac',115,21),('Nogales',115,30),('Marqués de Comillas',116,7),('Villa Hidalgo',116,14),('Zacazonapan',116,15),('San Bartolomé Ayautla',116,20),('Quimixtlán',116,21),('Oluta',116,30),('Montecristo de Guerrero',117,7),('Cañadas de Obregón',117,14),('Zacualpan',117,15),('San Bartolomé Loxicha',117,20),('Rafael Lara Grajales',117,21),('Omealca',117,30),('San Andrés Duraznal',118,7),('Yahualica de González Gallo',118,14),('Zinacantepec',118,15),('San Bartolomé Quialana',118,20),('Los Reyes de Juárez',118,21),('Orizaba',118,30),('Santiago el Pinar',119,7),('Zacoalco de Torres',119,14),('Zumpahuacán',119,15),('San Bartolomé Yucuañe',119,20),('San Andrés Cholula',119,21),('Otatitlán',119,30),('Zapopan',120,14),('Zumpango',120,15),('San Bartolomé Zoogocho',120,20),('San Antonio Cañada',120,21),('Oteapan',120,30),('Zapotiltic',121,14),('Cuautitlán Izcalli',121,15),('San Bartolo Soyaltepec',121,20),('San Diego la Mesa Tochimiltzingo',121,21),('Ozuluama de Mascareñas',121,30),('Zapotitlán de Vadillo',122,14),('Valle de Chalco Solidaridad',122,15),('San Bartolo Yautepec',122,20),('San Felipe Teotlalcingo',122,21),('Pajapan',122,30),('Zapotlán del Rey',123,14),('Luvianos',123,15),('San Bernardo Mixtepec',123,20),('San Felipe Tepatlán',123,21),('Pánuco',123,30),('Zapotlanejo',124,14),('San José del Rincón',124,15),('San Blas Atempa',124,20),('San Gabriel Chilac',124,21),('Papantla',124,30),('San Ignacio Cerro Gordo',125,14),('Tonanitla',125,15),('San Carlos Yautepec',125,20),('San Gregorio Atzompa',125,21),('Paso del Macho',125,30),('San Cristóbal Amatlán',126,20),('San Jerónimo Tecuanipan',126,21),('Paso de Ovejas',126,30),('San Cristóbal Amoltepec',127,20),('San Jerónimo Xayacatlán',127,21),('La Perla',127,30),('San Cristóbal Lachirioag',128,20),('San José Chiapa',128,21),('Perote',128,30),('San Cristóbal Suchixtlahuaca',129,20),('San José Miahuatlán',129,21),('Platón Sánchez',129,30),('San Dionisio del Mar',130,20),('San Juan Atenco',130,21),('Playa Vicente',130,30),('San Dionisio Ocotepec',131,20),('San Juan Atzompa',131,21),('Poza Rica de Hidalgo',131,30),('San Dionisio Ocotlán',132,20),('San Martín Texmelucan',132,21),('Las Vigas de Ramírez',132,30),('San Esteban Atatlahuca',133,20),('San Martín Totoltepec',133,21),('Pueblo Viejo',133,30),('San Felipe Jalapa de Díaz',134,20),('San Matías Tlalancaleca',134,21),('Puente Nacional',134,30),('San Felipe Tejalápam',135,20),('San Miguel Ixitlán',135,21),('Rafael Delgado',135,30),('San Felipe Usila',136,20),('San Miguel Xoxtla',136,21),('Rafael Lucio',136,30),('San Francisco Cahuacuá',137,20),('San Nicolás Buenos Aires',137,21),('Los Reyes',137,30),('San Francisco Cajonos',138,20),('San Nicolás de los Ranchos',138,21),('Río Blanco',138,30),('San Francisco Chapulapa',139,20),('San Pablo Anicano',139,21),('Saltabarranca',139,30),('San Francisco Chindúa',140,20),('San Pedro Cholula',140,21),('San Andrés Tenejapan',140,30),('San Francisco del Mar',141,20),('San Pedro Yeloixtlahuaca',141,21),('San Andrés Tuxtla',141,30),('San Francisco Huehuetlán',142,20),('San Salvador el Seco',142,21),('San Juan Evangelista',142,30),('San Francisco Ixhuatán',143,20),('San Salvador el Verde',143,21),('Santiago Tuxtla',143,30),('San Francisco Jaltepetongo',144,20),('San Salvador Huixcolotla',144,21),('Sayula de Alemán',144,30),('San Francisco Lachigoló',145,20),('San Sebastián Tlacotepec',145,21),('Soconusco',145,30),('San Francisco Logueche',146,20),('Santa Catarina Tlaltempan',146,21),('Sochiapa',146,30),('San Francisco Nuxaño',147,20),('Santa Inés Ahuatempan',147,21),('Soledad Atzompa',147,30),('San Francisco Ozolotepec',148,20),('Santa Isabel Cholula',148,21),('Soledad de Doblado',148,30),('San Francisco Sola',149,20),('Santiago Miahuatlán',149,21),('Soteapan',149,30),('San Francisco Telixtlahuaca',150,20),('Huehuetlán el Grande',150,21),('Tamalín',150,30),('San Francisco Teopan',151,20),('Santo Tomás Hueyotlipan',151,21),('Tamiahua',151,30),('San Francisco Tlapancingo',152,20),('Soltepec',152,21),('Tampico Alto',152,30),('San Gabriel Mixtepec',153,20),('Tecali de Herrera',153,21),('Tancoco',153,30),('San Ildefonso Amatlán',154,20),('Tecamachalco',154,21),('Tantima',154,30),('San Ildefonso Sola',155,20),('Tecomatlán',155,21),('Tantoyuca',155,30),('San Ildefonso Villa Alta',156,20),('Tehuacán',156,21),('Tatatila',156,30),('San Jacinto Amilpas',157,20),('Tehuitzingo',157,21),('Castillo de Teayo',157,30),('San Jacinto Tlacotepec',158,20),('Tenampulco',158,21),('Tecolutla',158,30),('San Jerónimo Coatlán',159,20),('Teopantlán',159,21),('Tehuipango',159,30),('San Jerónimo Silacayoapilla',160,20),('Teotlalco',160,21),('Álamo Temapache',160,30),('San Jerónimo Sosola',161,20),('Tepanco de López',161,21),('Tempoal',161,30),('San Jerónimo Taviche',162,20),('Tepango de Rodríguez',162,21),('Tenampa',162,30),('San Jerónimo Tecóatl',163,20),('Tepatlaxco de Hidalgo',163,21),('Tenochtitlán',163,30),('San Jorge Nuchita',164,20),('Tepeaca',164,21),('Teocelo',164,30),('San José Ayuquila',165,20),('Tepemaxalco',165,21),('Tepatlaxco',165,30),('San José Chiltepec',166,20),('Tepeojuma',166,21),('Tepetlán',166,30),('San José del Peñasco',167,20),('Tepetzintla',167,21),('Tepetzintla',167,30),('San José Estancia Grande',168,20),('Tepexco',168,21),('Tequila',168,30),('San José Independencia',169,20),('Tepexi de Rodríguez',169,21),('José Azueta',169,30),('San José Lachiguiri',170,20),('Tepeyahualco',170,21),('Texcatepec',170,30),('San José Tenango',171,20),('Tepeyahualco de Cuauhtémoc',171,21),('Texhuacán',171,30),('San Juan Achiutla',172,20),('Tetela de Ocampo',172,21),('Texistepec',172,30),('San Juan Atepec',173,20),('Teteles de Avila Castillo',173,21),('Tezonapa',173,30),('Ánimas Trujano',174,20),('Teziutlán',174,21),('Tierra Blanca',174,30),('San Juan Bautista Atatlahuca',175,20),('Tianguismanalco',175,21),('Tihuatlán',175,30),('San Juan Bautista Coixtlahuaca',176,20),('Tilapa',176,21),('Tlacojalpan',176,30),('San Juan Bautista Cuicatlán',177,20),('Tlacotepec de Benito Juárez',177,21),('Tlacolulan',177,30),('San Juan Bautista Guelache',178,20),('Tlacuilotepec',178,21),('Tlacotalpan',178,30),('San Juan Bautista Jayacatlán',179,20),('Tlachichuca',179,21),('Tlacotepec de Mejía',179,30),('San Juan Bautista Lo de Soto',180,20),('Tlahuapan',180,21),('Tlachichilco',180,30),('San Juan Bautista Suchitepec',181,20),('Tlaltenango',181,21),('Tlalixcoyan',181,30),('San Juan Bautista Tlacoatzintepec',182,20),('Tlanepantla',182,21),('Tlalnelhuayocan',182,30),('San Juan Bautista Tlachichilco',183,20),('Tlaola',183,21),('Tlapacoyan',183,30),('San Juan Bautista Tuxtepec',184,20),('Tlapacoya',184,21),('Tlaquilpa',184,30),('San Juan Cacahuatepec',185,20),('Tlapanalá',185,21),('Tlilapan',185,30),('San Juan Cieneguilla',186,20),('Tlatlauquitepec',186,21),('Tomatlán',186,30),('San Juan Coatzóspam',187,20),('Tlaxco',187,21),('Tonayán',187,30),('San Juan Colorado',188,20),('Tochimilco',188,21),('Totutla',188,30),('San Juan Comaltepec',189,20),('Tochtepec',189,21),('Tuxpan',189,30),('San Juan Cotzocón',190,20),('Totoltepec de Guerrero',190,21),('Tuxtilla',190,30),('San Juan Chicomezúchil',191,20),('Tulcingo',191,21),('Ursulo Galván',191,30),('San Juan Chilateca',192,20),('Tuzamapan de Galeana',192,21),('Vega de Alatorre',192,30),('San Juan del Estado',193,20),('Tzicatlacoyan',193,21),('Veracruz',193,30),('San Juan del Río',194,20),('Venustiano Carranza',194,21),('Villa Aldama',194,30),('San Juan Diuxi',195,20),('Vicente Guerrero',195,21),('Xoxocotla',195,30),('San Juan Evangelista Analco',196,20),('Xayacatlán de Bravo',196,21),('Yanga',196,30),('San Juan Guelavía',197,20),('Xicotepec',197,21),('Yecuatla',197,30),('San Juan Guichicovi',198,20),('Xicotlán',198,21),('Zacualpan',198,30),('San Juan Ihualtepec',199,20),('Xiutetelco',199,21),('Zaragoza',199,30),('San Juan Juquila Mixes',200,20),('Xochiapulco',200,21),('Zentla',200,30),('San Juan Juquila Vijanos',201,20),('Xochiltepec',201,21),('Zongolica',201,30),('San Juan Lachao',202,20),('Xochitlán de Vicente Suárez',202,21),('Zontecomatlán de López y Fuentes',202,30),('San Juan Lachigalla',203,20),('Xochitlán Todos Santos',203,21),('Zozocolco de Hidalgo',203,30),('San Juan Lajarcia',204,20),('Yaonáhuac',204,21),('Agua Dulce',204,30),('San Juan Lalana',205,20),('Yehualtepec',205,21),('El Higo',205,30),('San Juan de los Cués',206,20),('Zacapala',206,21),('Nanchital de Lázaro Cárdenas del Río',206,30),('San Juan Mazatlán',207,20),('Zacapoaxtla',207,21),('Tres Valles',207,30),('San Juan Mixtepec -Dto. 08 -',208,20),('Zacatlán',208,21),('Carlos A. Carrillo',208,30),('San Juan Mixtepec -Dto. 26 -',209,20),('Zapotitlán',209,21),('Tatahuicapan de Juárez',209,30),('San Juan Ñumí',210,20),('Zapotitlán de Méndez',210,21),('Uxpanapa',210,30),('San Juan Ozolotepec',211,20),('Zaragoza',211,21),('San Rafael',211,30),('San Juan Petlapa',212,20),('Zautla',212,21),('Santiago Sochiapan',212,30),('San Juan Quiahije',213,20),('Zihuateutla',213,21),('San Juan Quiotepec',214,20),('Zinacatepec',214,21),('San Juan Sayultepec',215,20),('Zongozotla',215,21),('San Juan Tabaá',216,20),('Zoquiapan',216,21),('San Juan Tamazola',217,20),('Zoquitlán',217,21),('San Juan Teita',218,20),('San Juan Teitipac',219,20),('San Juan Tepeuxila',220,20),('San Juan Teposcolula',221,20),('San Juan Yaeé',222,20),('San Juan Yatzona',223,20),('San Juan Yucuita',224,20),('San Lorenzo',225,20),('San Lorenzo Albarradas',226,20),('San Lorenzo Cacaotepec',227,20),('San Lorenzo Cuaunecuiltitla',228,20),('San Lorenzo Texmelúcan',229,20),('San Lorenzo Victoria',230,20),('San Lucas Camotlán',231,20),('San Lucas Ojitlán',232,20),('San Lucas Quiaviní',233,20),('San Lucas Zoquiápam',234,20),('San Luis Amatlán',235,20),('San Marcial Ozolotepec',236,20),('San Marcos Arteaga',237,20),('San Martín de los Cansecos',238,20),('San Martín Huamelúlpam',239,20),('San Martín Itunyoso',240,20),('San Martín Lachilá',241,20),('San Martín Peras',242,20),('San Martín Tilcajete',243,20),('San Martín Toxpalan',244,20),('San Martín Zacatepec',245,20),('San Mateo Cajonos',246,20),('Capulálpam de Méndez',247,20),('San Mateo del Mar',248,20),('San Mateo Yoloxochitlán',249,20),('San Mateo Etlatongo',250,20),('San Mateo Nejápam',251,20),('San Mateo Peñasco',252,20),('San Mateo Piñas',253,20),('San Mateo Río Hondo',254,20),('San Mateo Sindihui',255,20),('San Mateo Tlapiltepec',256,20),('San Melchor Betaza',257,20),('San Miguel Achiutla',258,20),('San Miguel Ahuehuetitlán',259,20),('San Miguel Aloápam',260,20),('San Miguel Amatitlán',261,20),('San Miguel Amatlán',262,20),('San Miguel Coatlán',263,20),('San Miguel Chicahua',264,20),('San Miguel Chimalapa',265,20),('San Miguel del Puerto',266,20),('San Miguel del Río',267,20),('San Miguel Ejutla',268,20),('San Miguel el Grande',269,20),('San Miguel Huautla',270,20),('San Miguel Mixtepec',271,20),('San Miguel Panixtlahuaca',272,20),('San Miguel Peras',273,20),('San Miguel Piedras',274,20),('San Miguel Quetzaltepec',275,20),('San Miguel Santa Flor',276,20),('Villa Sola de Vega',277,20),('San Miguel Soyaltepec',278,20),('San Miguel Suchixtepec',279,20),('Villa Talea de Castro',280,20),('San Miguel Tecomatlán',281,20),('San Miguel Tenango',282,20),('San Miguel Tequixtepec',283,20),('San Miguel Tilquiápam',284,20),('San Miguel Tlacamama',285,20),('San Miguel Tlacotepec',286,20),('San Miguel Tulancingo',287,20),('San Miguel Yotao',288,20),('San Nicolás',289,20),('San Nicolás Hidalgo',290,20),('San Pablo Coatlán',291,20),('San Pablo Cuatro Venados',292,20),('San Pablo Etla',293,20),('San Pablo Huitzo',294,20),('San Pablo Huixtepec',295,20),('San Pablo Macuiltianguis',296,20),('San Pablo Tijaltepec',297,20),('San Pablo Villa de Mitla',298,20),('San Pablo Yaganiza',299,20),('San Pedro Amuzgos',300,20),('San Pedro Apóstol',301,20),('San Pedro Atoyac',302,20),('San Pedro Cajonos',303,20),('San Pedro Coxcaltepec Cántaros',304,20),('San Pedro Comitancillo',305,20),('San Pedro el Alto',306,20),('San Pedro Huamelula',307,20),('San Pedro Huilotepec',308,20),('San Pedro Ixcatlán',309,20),('San Pedro Ixtlahuaca',310,20),('San Pedro Jaltepetongo',311,20),('San Pedro Jicayán',312,20),('San Pedro Jocotipac',313,20),('San Pedro Juchatengo',314,20),('San Pedro Mártir',315,20),('San Pedro Mártir Quiechapa',316,20),('San Pedro Mártir Yucuxaco',317,20),('San Pedro Mixtepec -Dto. 22 -',318,20),('San Pedro Mixtepec -Dto. 26 -',319,20),('San Pedro Molinos',320,20),('San Pedro Nopala',321,20),('San Pedro Ocopetatillo',322,20),('San Pedro Ocotepec',323,20),('San Pedro Pochutla',324,20),('San Pedro Quiatoni',325,20),('San Pedro Sochiápam',326,20),('San Pedro Tapanatepec',327,20),('San Pedro Taviche',328,20),('San Pedro Teozacoalco',329,20),('San Pedro Teutila',330,20),('San Pedro Tidaá',331,20),('San Pedro Topiltepec',332,20),('San Pedro Totolápam',333,20),('Villa de Tututepec de Melchor Ocampo',334,20),('San Pedro Yaneri',335,20),('San Pedro Yólox',336,20),('San Pedro y San Pablo Ayutla',337,20),('Villa de Etla',338,20),('San Pedro y San Pablo Teposcolula',339,20),('San Pedro y San Pablo Tequixtepec',340,20),('San Pedro Yucunama',341,20),('San Raymundo Jalpan',342,20),('San Sebastián Abasolo',343,20),('San Sebastián Coatlán',344,20),('San Sebastián Ixcapa',345,20),('San Sebastián Nicananduta',346,20),('San Sebastián Río Hondo',347,20),('San Sebastián Tecomaxtlahuaca',348,20),('San Sebastián Teitipac',349,20),('San Sebastián Tutla',350,20),('San Simón Almolongas',351,20),('San Simón Zahuatlán',352,20),('Santa Ana',353,20),('Santa Ana Ateixtlahuaca',354,20),('Santa Ana Cuauhtémoc',355,20),('Santa Ana del Valle',356,20),('Santa Ana Tavela',357,20),('Santa Ana Tlapacoyan',358,20),('Santa Ana Yareni',359,20),('Santa Ana Zegache',360,20),('Santa Catalina Quierí',361,20),('Santa Catarina Cuixtla',362,20),('Santa Catarina Ixtepeji',363,20),('Santa Catarina Juquila',364,20),('Santa Catarina Lachatao',365,20),('Santa Catarina Loxicha',366,20),('Santa Catarina Mechoacán',367,20),('Santa Catarina Minas',368,20),('Santa Catarina Quiané',369,20),('Santa Catarina Tayata',370,20),('Santa Catarina Ticuá',371,20),('Santa Catarina Yosonotú',372,20),('Santa Catarina Zapoquila',373,20),('Santa Cruz Acatepec',374,20),('Santa Cruz Amilpas',375,20),('Santa Cruz de Bravo',376,20),('Santa Cruz Itundujia',377,20),('Santa Cruz Mixtepec',378,20),('Santa Cruz Nundaco',379,20),('Santa Cruz Papalutla',380,20),('Santa Cruz Tacache de Mina',381,20),('Santa Cruz Tacahua',382,20),('Santa Cruz Tayata',383,20),('Santa Cruz Xitla',384,20),('Santa Cruz Xoxocotlán',385,20),('Santa Cruz Zenzontepec',386,20),('Santa Gertrudis',387,20),('Santa Inés del Monte',388,20),('Santa Inés Yatzeche',389,20),('Santa Lucía del Camino',390,20),('Santa Lucía Miahuatlán',391,20),('Santa Lucía Monteverde',392,20),('Santa Lucía Ocotlán',393,20),('Santa María Alotepec',394,20),('Santa María Apazco',395,20),('Santa María la Asunción',396,20),('Heroica Ciudad de Tlaxiaco',397,20),('Ayoquezco de Aldama',398,20),('Santa María Atzompa',399,20),('Santa María Camotlán',400,20),('Santa María Colotepec',401,20),('Santa María Cortijo',402,20),('Santa María Coyotepec',403,20),('Santa María Chachoápam',404,20),('Villa de Chilapa de Díaz',405,20),('Santa María Chilchotla',406,20),('Santa María Chimalapa',407,20),('Santa María del Rosario',408,20),('Santa María del Tule',409,20),('Santa María Ecatepec',410,20),('Santa María Guelacé',411,20),('Santa María Guienagati',412,20),('Santa María Huatulco',413,20),('Santa María Huazolotitlán',414,20),('Santa María Ipalapa',415,20),('Santa María Ixcatlán',416,20),('Santa María Jacatepec',417,20),('Santa María Jalapa del Marqués',418,20),('Santa María Jaltianguis',419,20),('Santa María Lachixío',420,20),('Santa María Mixtequilla',421,20),('Santa María Nativitas',422,20),('Santa María Nduayaco',423,20),('Santa María Ozolotepec',424,20),('Santa María Pápalo',425,20),('Santa María Peñoles',426,20),('Santa María Petapa',427,20),('Santa María Quiegolani',428,20),('Santa María Sola',429,20),('Santa María Tataltepec',430,20),('Santa María Tecomavaca',431,20),('Santa María Temaxcalapa',432,20),('Santa María Temaxcaltepec',433,20),('Santa María Teopoxco',434,20),('Santa María Tepantlali',435,20),('Santa María Texcatitlán',436,20),('Santa María Tlahuitoltepec',437,20),('Santa María Tlalixtac',438,20),('Santa María Tonameca',439,20),('Santa María Totolapilla',440,20),('Santa María Xadani',441,20),('Santa María Yalina',442,20),('Santa María Yavesía',443,20),('Santa María Yolotepec',444,20),('Santa María Yosoyúa',445,20),('Santa María Yucuhiti',446,20),('Santa María Zacatepec',447,20),('Santa María Zaniza',448,20),('Santa María Zoquitlán',449,20),('Santiago Amoltepec',450,20),('Santiago Apoala',451,20),('Santiago Apóstol',452,20),('Santiago Astata',453,20),('Santiago Atitlán',454,20),('Santiago Ayuquililla',455,20),('Santiago Cacaloxtepec',456,20),('Santiago Camotlán',457,20),('Santiago Comaltepec',458,20),('Santiago Chazumba',459,20),('Santiago Choápam',460,20),('Santiago del Río',461,20),('Santiago Huajolotitlán',462,20),('Santiago Huauclilla',463,20),('Santiago Ihuitlán Plumas',464,20),('Santiago Ixcuintepec',465,20),('Santiago Ixtayutla',466,20),('Santiago Jamiltepec',467,20),('Santiago Jocotepec',468,20),('Santiago Juxtlahuaca',469,20),('Santiago Lachiguiri',470,20),('Santiago Lalopa',471,20),('Santiago Laollaga',472,20),('Santiago Laxopa',473,20),('Santiago Llano Grande',474,20),('Santiago Matatlán',475,20),('Santiago Miltepec',476,20),('Santiago Minas',477,20),('Santiago Nacaltepec',478,20),('Santiago Nejapilla',479,20),('Santiago Nundiche',480,20),('Santiago Nuyoó',481,20),('Santiago Pinotepa Nacional',482,20),('Santiago Suchilquitongo',483,20),('Santiago Tamazola',484,20),('Santiago Tapextla',485,20),('Villa Tejúpam de la Unión',486,20),('Santiago Tenango',487,20),('Santiago Tepetlapa',488,20),('Santiago Tetepec',489,20),('Santiago Texcalcingo',490,20),('Santiago Textitlán',491,20),('Santiago Tilantongo',492,20),('Santiago Tillo',493,20),('Santiago Tlazoyaltepec',494,20),('Santiago Xanica',495,20),('Santiago Xiacuí',496,20),('Santiago Yaitepec',497,20),('Santiago Yaveo',498,20),('Santiago Yolomécatl',499,20),('Santiago Yosondúa',500,20),('Santiago Yucuyachi',501,20),('Santiago Zacatepec',502,20),('Santiago Zoochila',503,20),('Nuevo Zoquiápam',504,20),('Santo Domingo Ingenio',505,20),('Santo Domingo Albarradas',506,20),('Santo Domingo Armenta',507,20),('Santo Domingo Chihuitán',508,20),('Santo Domingo de Morelos',509,20),('Santo Domingo Ixcatlán',510,20),('Santo Domingo Nuxaá',511,20),('Santo Domingo Ozolotepec',512,20),('Santo Domingo Petapa',513,20),('Santo Domingo Roayaga',514,20),('Santo Domingo Tehuantepec',515,20),('Santo Domingo Teojomulco',516,20),('Santo Domingo Tepuxtepec',517,20),('Santo Domingo Tlatayápam',518,20),('Santo Domingo Tomaltepec',519,20),('Santo Domingo Tonalá',520,20),('Santo Domingo Tonaltepec',521,20),('Santo Domingo Xagacía',522,20),('Santo Domingo Yanhuitlán',523,20),('Santo Domingo Yodohino',524,20),('Santo Domingo Zanatepec',525,20),('Santos Reyes Nopala',526,20),('Santos Reyes Pápalo',527,20),('Santos Reyes Tepejillo',528,20),('Santos Reyes Yucuná',529,20),('Santo Tomás Jalieza',530,20),('Santo Tomás Mazaltepec',531,20),('Santo Tomás Ocotepec',532,20),('Santo Tomás Tamazulapan',533,20),('San Vicente Coatlán',534,20),('San Vicente Lachixío',535,20),('San Vicente Nuñú',536,20),('Silacayoápam',537,20),('Sitio de Xitlapehua',538,20),('Soledad Etla',539,20),('Villa de Tamazulápam del Progreso',540,20),('Tanetze de Zaragoza',541,20),('Taniche',542,20),('Tataltepec de Valdés',543,20),('Teococuilco de Marcos Pérez',544,20),('Teotitlán de Flores Magón',545,20),('Teotitlán del Valle',546,20),('Teotongo',547,20),('Tepelmeme Villa de Morelos',548,20),('Tezoatlán de Segura y Luna',549,20),('San Jerónimo Tlacochahuaya',550,20),('Tlacolula de Matamoros',551,20),('Tlacotepec Plumas',552,20),('Tlalixtac de Cabrera',553,20),('Totontepec Villa de Morelos',554,20),('Trinidad Zaachila',555,20),('La Trinidad Vista Hermosa',556,20),('Unión Hidalgo',557,20),('Valerio Trujano',558,20),('San Juan Bautista Valle Nacional',559,20),('Villa Díaz Ordaz',560,20),('Yaxe',561,20),('Magdalena Yodocono de Porfirio Díaz',562,20),('Yogana',563,20),('Yutanduchi de Guerrero',564,20),('Villa de Zaachila',565,20),('San Mateo Yucutindoo',566,20),('Zapotitlán Lagunas',567,20),('Zapotitlán Palmas',568,20),('Santa Inés de Zaragoza',569,20),('Zimatlán de Álvarez',570,20);
/*!40000 ALTER TABLE `Town` ENABLE KEYS */;
UNLOCK TABLES;
/*!40103 SET TIME_ZONE=@OLD_TIME_ZONE */;

/*!40101 SET SQL_MODE=@OLD_SQL_MODE */;
/*!40014 SET FOREIGN_KEY_CHECKS=@OLD_FOREIGN_KEY_CHECKS */;
/*!40014 SET UNIQUE_CHECKS=@OLD_UNIQUE_CHECKS */;
/*!40101 SET CHARACTER_SET_CLIENT=@OLD_CHARACTER_SET_CLIENT */;
/*!40101 SET CHARACTER_SET_RESULTS=@OLD_CHARACTER_SET_RESULTS */;
/*!40101 SET COLLATION_CONNECTION=@OLD_COLLATION_CONNECTION */;
/*!40111 SET SQL_NOTES=@OLD_SQL_NOTES */;

-- Dump completed on 2018-05-26 17:07:28

--
-- Table structure for table `City`
--

DROP TABLE IF EXISTS `City`;
/*!40101 SET @saved_cs_client     = @@character_set_client */;
/*!40101 SET character_set_client = utf8 */;
CREATE TABLE `City` (
  `id` int(11) NOT NULL AUTO_INCREMENT,
  `town_id` int(11) NOT NULL,
  `state_id` int(11) NOT NULL,
  `name` varchar(100) CHARACTER SET utf8 COLLATE utf8_general_ci DEFAULT NULL,
  PRIMARY KEY (`id`),
  KEY `town_id` (`town_id`),
  KEY `state_id` (`state_id`),
  CONSTRAINT `city_ibfk_1` FOREIGN KEY (`town_id`) REFERENCES `town` (`id`),
  CONSTRAINT `city_ibfk_2` FOREIGN KEY (`state_id`) REFERENCES `town` (`state_id`)
) ENGINE=InnoDB AUTO_INCREMENT=1024 DEFAULT CHARSET=utf8mb4 COLLATE=utf8mb4_0900_ai_ci;
/*!40101 SET character_set_client = @saved_cs_client */;

--
-- Dumping data for table `City`
--

LOCK TABLES `City` WRITE;
/*!40000 ALTER TABLE `City` DISABLE KEYS */;
INSERT INTO `City` VALUES (1,1,1,'Aguascalientes'),(2,11,1,'San Francisco de los Romo'),(3,7,1,'Rincón de Romos'),(4,4,1,'Cosío'),(5,9,1,'Tepezalá'),(6,6,1,'Pabellón de Arteaga'),(7,2,1,'Asientos'),(8,3,1,'Calvillo'),(9,5,1,'Jesús María '),(10,3,3,'La Paz'),(11,3,3,'Todos Santos'),(12,8,3,'San José del Cabo'),(13,8,3,'Cabo San Lucas'),(14,1,3,'Ciudad Constitución'),(15,1,3,'Puerto Adolfo López Mateos'),(16,9,3,'Loreto'),(17,2,3,'Heroica Mulegé'),(18,2,3,'Santa Rosalía'),(19,2,3,'San Ignacio'),(20,2,3,'Villa Alberto Andrés Alvarado Arámburo'),(21,2,3,'Guerrero Negro'),(22,2,2,'Mexicali'),(23,3,2,'Tecate'),(24,2,2,'San Felipe'),(25,4,2,'Tijuana'),(26,5,2,'Playas de Rosarito'),(27,1,2,'Rodolfo Sánchez T. (Maneadero)'),(28,1,2,'Ensenada'),(29,2,4,'San Francisco de Campeche'),(30,3,4,'Ciudad del Carmen'),(31,3,4,'Sabancuy'),(32,11,4,'Candelaria'),(33,9,4,'Escárcega'),(34,4,4,'Champotón'),(35,6,4,'Hopelchén'),(36,5,4,'Hecelchakán'),(37,5,4,'Pomuch'),(38,1,4,'Calkini'),(39,101,7,'Tuxtla Gutiérrez'),(40,61,7,'Ocozocoautla de Espinosa'),(41,27,7,'Chiapa de Corzo'),(42,78,7,'San Cristóbal de las Casas'),(43,2,7,'Acala'),(44,74,7,'Reforma'),(45,68,7,'Pichucalco'),(46,59,7,'Ocosingo'),(47,65,7,'Palenque'),(48,19,7,'Comitán de Domínguez'),(49,52,7,'Las Margaritas'),(50,106,7,'Venustiano Carranza'),(51,75,7,'Las Rosas'),(52,17,7,'Cintalapa de Figueroa'),(53,46,7,'Jiquipilas'),(54,9,7,'Arriaga'),(55,108,7,'Villaflores'),(56,97,7,'Tonalá'),(57,69,7,'Pijijiapan'),(58,51,7,'Mapastepec'),(59,40,7,'Huixtla'),(60,89,7,'Tapachula de Córdova y Ordóñez'),(61,89,7,'Puerto Madero (San Benito)'),(62,15,7,'Cacahoatán'),(63,57,7,'Motozintla de Mendoza'),(64,19,8,'Chihuahua'),(65,17,8,'Cuauhtémoc'),(66,17,8,'Colonia Anáhuac'),(67,6,8,'Bachíniva'),(68,50,8,'Nuevo Casas Grandes'),(69,40,8,'Madera'),(70,37,8,'Juárez'),(71,52,8,'Manuel Ojinaga'),(72,2,8,'Juan Aldama'),(73,21,8,'Delicias'),(74,62,8,'Saucillo'),(75,11,8,'Santa Rosalía de Camargo'),(76,32,8,'Hidalgo del Parral'),(77,36,8,'José Mariano Jiménez'),(78,10,9,'Ciudad de México'),(79,2,9,'Ciudad de México'),(80,14,9,'Ciudad de México'),(81,3,9,'Ciudad de México'),(82,4,9,'Ciudad de México'),(83,15,9,'Ciudad de México'),(84,5,9,'Ciudad de México'),(85,6,9,'Ciudad de México'),(86,7,9,'Ciudad de México'),(87,8,9,'Ciudad de México'),(88,16,9,'Ciudad de México'),(89,9,9,'Ciudad de México'),(90,11,9,'Ciudad de México'),(91,12,9,'Ciudad de México'),(92,17,9,'Ciudad de México'),(93,13,9,'Ciudad de México'),(94,30,5,'Saltillo'),(95,4,5,'Arteaga'),(96,31,5,'San Buenaventura'),(97,10,5,'Frontera'),(98,18,5,'Monclova'),(99,6,5,'Castaños'),(100,27,5,'Ramos Arizpe'),(101,25,5,'Piedras Negras'),(102,22,5,'Nava'),(103,2,5,'Ciudad Acuña'),(104,20,5,'Ciudad Melchor Múzquiz'),(105,38,5,'Zaragoza'),(106,19,5,'Morelos'),(107,3,5,'Allende'),(108,28,5,'Sabinas'),(109,32,5,'Nueva Rosita'),(110,35,5,'Torreón'),(111,17,5,'Matamoros'),(112,36,5,'Viesca'),(113,21,5,'Nadadores'),(114,7,5,'Cuatro Ciénegas de Carranza'),(115,33,5,'San Pedro'),(116,9,5,'Francisco I. Madero (Chávez)'),(117,24,5,'Parras de la Fuente'),(118,2,6,'Colima'),(119,9,6,'Tecoman'),(120,7,6,'Manzanillo'),(121,1,6,'Ciudad de Armería'),(122,10,6,'Ciudad de Villa de Álvarez'),(123,5,10,'Victoria de Durango'),(124,1,10,'Canatlán'),(125,28,10,'San Juan del Río del Centauro del Norte'),(126,32,10,'Santiago Papasquiaro'),(127,21,10,'Peñón Blanco'),(128,20,10,'Francisco I. Madero'),(129,16,10,'Nombre de Dios'),(130,38,10,'Vicente Guerrero'),(131,23,10,'El Salto'),(132,7,10,'Gómez Palacio'),(133,12,10,'Ciudad Lerdo'),(134,18,10,'Santa María del Oro'),(135,15,11,'Guanajuato'),(136,37,11,'Silao'),(137,26,11,'Romita'),(138,15,11,'Marfil'),(139,31,11,'San Francisco del Rincón'),(140,25,11,'Purísima de Bustos'),(141,8,11,'Ciudad Manuel Doblado'),(142,17,11,'Irapuato'),(143,27,11,'Salamanca'),(144,23,11,'Pénjamo'),(145,12,11,'Cuerámaro'),(146,1,11,'Abasolo'),(147,16,11,'Huanímaro'),(148,20,11,'León de los Aldama'),(149,3,11,'San miguel de Allende'),(150,14,11,'Dolores Hgo. Cuna de la Indep. Nal.'),(151,29,11,'San Diego de la Unión'),(152,33,11,'San Luis de la Paz'),(153,13,11,'Doctor Mora'),(154,32,11,'San José Iturbide'),(155,7,11,'Celaya'),(156,7,11,'Rincón de Tamayo'),(157,5,11,'Apaseo el Grande'),(158,9,11,'Comonfort'),(159,9,11,'Empalme Escobedo (Escobedo)'),(160,35,11,'Santa Cruz Juventino Rosas'),(161,44,11,'Villagrán'),(162,11,11,'Cortazar'),(163,42,11,'Valle de Santiago'),(164,18,11,'Jaral del Progreso'),(165,4,11,'Apaseo el Alto'),(166,19,11,'Jerécuaro'),(167,2,11,'Acámbaro'),(168,38,11,'Tarandacuao'),(169,21,11,'Moroleón'),(170,28,11,'Salvatierra'),(171,46,11,'Yuriria'),(172,36,11,'Santiago Maravatío'),(173,41,11,'Uriangato'),(174,29,12,'Chilpancingo de los Bravo'),(175,29,12,'Ocotito'),(176,61,12,'Tixtla de Guerrero'),(177,12,12,'Ayutla de los Libres'),(178,1,12,'Acapulco de Juárez'),(179,39,12,'Tierra Colorada'),(180,53,12,'San Marcos'),(181,35,12,'Iguala de la Independencia'),(182,34,12,'Huitzuco'),(183,59,12,'Tepecoacuilco de Trujano'),(184,75,12,'Zumpango del Río'),(185,55,12,'Taxco de Alarcón'),(186,15,12,'Buenavista de Cuellar'),(187,58,12,'Teloloapan'),(188,7,12,'Arcelia'),(189,6,12,'Ciudad Apaxtla de Castrejón'),(190,67,12,'Tlapehuala'),(191,27,12,'Cutzamala de Pinzón'),(192,50,12,'Ciudad Altamirano'),(193,22,12,'Coyuca de Catalán'),(194,68,12,'La Unión'),(195,48,12,'Petatlán'),(196,38,12,'Zihuatanejo'),(197,57,12,'Técpan de Galeana'),(198,57,12,'San Luis San Pedro'),(199,57,12,'San Luis de la Loma'),(200,11,12,'Atoyac de Álvarez'),(201,14,12,'San Jerónimo de Juárez'),(202,21,12,'Coyuca de Benítez'),(203,45,12,'Olinalá'),(204,28,12,'Chilapa de Álvarez'),(205,33,12,'Huamuxtitlan'),(206,66,12,'Tlapa de Comonfort'),(207,65,12,'Tlalixtaquilla'),(208,52,12,'San Luis Acatlán'),(209,30,12,'Cruz Grande'),(210,18,12,'Copala'),(211,13,12,'Azoyú'),(212,77,12,'Marquelia'),(213,23,12,'Cuajinicuilapa'),(214,48,13,'Pachuca de Soto'),(215,30,13,'Ixmiquilpan'),(216,84,13,'Zimapan'),(217,3,13,'Actopan'),(218,76,13,'Tula de Allende'),(219,76,13,'Cruz Azul'),(220,63,13,'Tepeji del Rio'),(221,74,13,'Tlaxcoapan'),(222,28,13,'Huejutla de Reyes'),(223,77,13,'Tulancingo'),(224,56,13,'Santiago Tulantepec'),(225,69,13,'Tizayuca'),(226,8,13,'Apan'),(227,61,13,'Tepeapulco'),(228,61,13,'Cd. de Fray Bernardino de Sahagún'),(229,39,14,'Guadalajara'),(230,120,14,'Zapopan'),(231,83,14,'Tala'),(232,101,14,'Tonalá'),(233,98,14,'Tlaquepaque'),(234,97,14,'Tlajomulco de Zúñiga'),(235,70,14,'Las Pintitas'),(236,70,14,'San José el Verde (El Verde)'),(237,70,14,'El Quince (San José el Quince)'),(238,2,14,'Acatlán de Juárez'),(239,114,14,'Villa Corona'),(240,119,14,'Zacoalco de Torres'),(241,50,14,'Jocotepec'),(242,30,14,'Chapala'),(243,30,14,'Ajijic'),(244,66,14,'Poncitlán'),(245,42,14,'Huejuquilla el Alto'),(246,25,14,'Colotlán'),(247,94,14,'Tequila'),(248,55,14,'Magdalena'),(249,36,14,'Etzatlán'),(250,6,14,'Ameca'),(251,3,14,'Ahualulco de Mercado'),(252,73,14,'San Juan de los Lagos'),(253,46,14,'Jalostotitlán'),(254,78,14,'San Miguel el Alto'),(255,74,14,'San Julián'),(256,8,14,'Arandas'),(257,125,14,'San Ignacio Cerro Gordo'),(258,91,14,'Teocaltiche'),(259,116,14,'Villa Hidalgo'),(260,118,14,'Yahualica de González Gallo'),(261,111,14,'Valle de Guadalupe'),(262,53,14,'Lagos de Moreno'),(263,109,14,'Unión de San Antonio'),(264,72,14,'San Diego de Alejandría'),(265,93,14,'Tepatitlán de Morelos'),(266,105,14,'Tototlán'),(267,13,14,'Atotonilco el Alto'),(268,63,14,'Ocotlán'),(269,47,14,'Jamay'),(270,18,14,'La Barca'),(271,84,14,'Talpa de Allende'),(272,67,14,'Puerto Vallarta'),(273,24,14,'Cocula'),(274,37,14,'El Grullo'),(275,15,14,'Autlán de Navarro'),(276,21,14,'La Resolana'),(277,22,14,'Cihuatlán'),(278,23,14,'Ciudad Guzmán'),(279,82,14,'Sayula'),(280,121,14,'Zapotiltic'),(281,85,14,'Tamazula de Gordiano'),(282,108,14,'Tuxpan'),(283,87,14,'Tecalitlán'),(284,106,15,'Toluca de Lerdo'),(285,5,15,'Almoloya de Juárez'),(286,82,15,'Tejupilco de Hidalgo'),(287,8,15,'Amatepec'),(288,115,15,'Xonacatlán'),(289,76,15,'San Mateo Atenco'),(290,54,15,'Metepec'),(291,19,15,'Capulhuac'),(292,62,15,'Ocoyoacac'),(293,37,15,'Huixquilucan de Degollado'),(294,13,15,'Ciudad Adolfo López Mateos'),(295,57,15,'Naucalpan de Juárez'),(296,104,15,'Tlalnepantla de Baz'),(297,60,15,'Villa Nicolás Romero'),(298,95,15,'Tepotzotlán'),(299,121,15,'Cuautitlán Izcalli'),(300,24,15,'Cuautitlán'),(301,53,15,'Melchor Ocampo'),(302,109,15,'Tultitlán de Mariano Escobedo'),(303,108,15,'Santa Maria Tultepec'),(304,33,15,'Ecatepec de Morelos'),(305,120,15,'Zumpango'),(306,96,15,'Tequixquiac'),(307,20,15,'Coacalco de Berriozabal'),(308,81,15,'Tecamac de Felipe Villanueva'),(309,99,15,'Texcoco de Mora'),(310,30,15,'Chiconcuac'),(311,31,15,'Chimalhuacán'),(312,29,15,'San Vicente Chicoloapan de Juárez'),(313,70,15,'Los Reyes Acaquilpan (La Paz)'),(314,39,15,'Ixtapaluca'),(315,25,15,'Chalco de Díaz Covarrubias'),(316,122,15,'Valle de Chalco Solidaridad'),(317,50,15,'Juchitepec de Mariano Riva Palacio'),(318,58,15,'Ciudad Nezahualcoyotl'),(319,53,16,'Morelia'),(320,71,16,'Puruándiro'),(321,107,16,'Zacapu'),(322,20,16,'Cuitzeo del Porvenir'),(323,110,16,'Zinapécuaro de Figueroa'),(324,76,16,'Sahuayo de Morelos'),(325,106,16,'Yurécuaro'),(326,69,16,'La piedad de Cabadas'),(327,45,16,'Jiquilpan de Juárez'),(328,108,16,'Zamora de Hidalgo'),(329,85,16,'Tangancícuaro de Arista'),(330,43,16,'Jacona de Plancarte'),(331,19,16,'Cotija de la Paz'),(332,102,16,'Uruapan'),(333,65,16,'Paracho de Verduzco'),(334,75,16,'Los Reyes de Salgado'),(335,6,16,'Apatzingán de la Constitución'),(336,52,16,'Ciudad Lázaro Cárdenas'),(337,52,16,'Las Guacamayas'),(338,34,16,'Ciudad Hidalgo'),(339,50,16,'Maravatío de Ocampo'),(340,98,16,'Tuxpan'),(341,112,16,'Heroica Zitácuaro'),(342,66,16,'Pátzcuaro'),(343,82,16,'Tacámbaro de Codallos'),(344,55,16,'Nueva Italia de Ruiz'),(345,38,16,'Huetamo de Núñez'),(346,7,17,'Cuernavaca'),(347,17,17,'Puente de Ixtla'),(348,6,17,'Cuautla (Cuautla de Morelos)'),(349,24,17,'Santa Rosa Treinta'),(350,31,17,'Zacatepec de Hidalgo'),(351,31,17,'Galeana'),(352,12,17,'Jojutla'),(353,25,17,'Tlaquiltenango'),(354,17,18,'Tepic'),(355,18,18,'Tuxpan'),(356,15,18,'Santiago Ixcuintla'),(357,1,18,'Acaponeta'),(358,16,18,'Tecuala'),(359,17,18,'Francisco I. Madero (Puga)'),(360,15,18,'Villa Hidalgo (El Nuevo)'),(361,11,18,'Ruiz'),(362,4,18,'Compostela'),(363,4,18,'Las Varas'),(364,4,18,'La peñita de Jaltemba'),(365,20,18,'Bucerías'),(366,12,18,'San Blas'),(367,8,18,'Xalisco'),(368,13,18,'San pedro Lagunillas'),(369,7,18,'Jala'),(370,2,18,'Ahuacatlán'),(371,6,18,'Ixtlán del Río'),(372,39,19,'Monterrey'),(373,5,19,'Anáhuac'),(374,44,19,'Ciudad Sabinas Hidalgo'),(375,12,19,'Ciénega de Flores'),(376,18,19,'García'),(377,21,19,'Ciudad General Escobedo'),(378,48,19,'Ciudad Santa Catarina'),(379,19,19,'San Pedro Garza García'),(380,46,19,'San Nicolás de los Garza'),(381,6,19,'Ciudad Apodaca'),(382,26,19,'Guadalupe'),(383,31,19,'Ciudad Benito Juárez'),(384,49,19,'Santiago'),(385,49,19,'El cercado'),(386,9,19,'Cadereyta Jiménez'),(387,38,19,'Montemorelos'),(388,33,19,'Linares'),(389,29,19,'Hualahuises'),(390,14,19,'Doctor Arroyo'),(391,67,20,'Oaxaca de Juárez'),(392,150,20,'San Francisco Telixtlahuaca'),(393,294,20,'San Pablo Huitzo'),(394,483,20,'Santiago Suchilquitongo'),(395,184,20,'San Juan Bautista Tuxtepec'),(396,44,20,'Loma Bonita'),(397,21,20,'Cosolapa'),(398,2,20,'Vicente Camalote'),(399,134,20,'San Felipe Jalapa de Díaz'),(400,559,20,'San Juan Bautista Valle Nacional'),(401,545,20,'Teotitlán de Flores Magón'),(402,177,20,'San Juan Bautista Cuicatlán'),(403,62,20,'Natividad'),(404,39,20,'Heroica Ciudad de Huajuapan de León'),(405,55,20,'Mariscala de Juárez'),(406,540,20,'Villa de Tamazulápam del Progreso'),(407,6,20,'Asunción Nochixtlán'),(408,469,20,'Santiago Juxtlahuaca'),(409,348,20,'San Sebastián Tecomaxtlahuaca'),(410,397,20,'Heroica Ciudad de Tlaxiaco'),(411,43,20,'Juchitán (Juchitán de Zaragoza)'),(412,14,20,'Ciudad Ixtepec'),(413,557,20,'Unión Hidalgo'),(414,143,20,'San Francisco Ixhuatán'),(415,327,20,'San Pedro Tapanatepec'),(416,25,20,'Chahuites'),(417,57,20,'Matías Romero Avendaño'),(418,10,20,'Lagunas'),(419,551,20,'Tlacolula de Matamoros'),(420,298,20,'San Pablo Villa de Mitla'),(421,333,20,'San Pedro Totolapa'),(422,64,20,'El Camarón'),(423,79,20,'Salina Cruz'),(424,515,20,'Santo Domingo Tehuantepec'),(425,124,20,'San Blas Atempa'),(426,59,20,'Miahuatlán de Porfirio Díaz'),(427,324,20,'San Pedro Pochutla'),(428,413,20,'Santa María Huatulco'),(429,413,20,'Bahias de Huatulco'),(430,73,20,'Putla Villa de Guerrero'),(431,269,20,'San Miguel el Grande'),(432,377,20,'Santa Cruz Itundujia'),(433,570,20,'Zimatlán de Álvarez'),(434,390,20,'Santa Lucia del Camino'),(435,107,20,'San Antonio de la Cal'),(436,565,20,'Villa de Zaachila'),(437,350,20,'El Rosario'),(438,23,20,'Cuilápam de Guerrero'),(439,277,20,'Villa Sola de Vega'),(440,28,20,'Heroica Ciudad de Ejutla de Crespo'),(441,68,20,'Ocotlán de Morelos'),(442,482,20,'Santiago Pinotepa Nacional'),(443,185,20,'San Juan Cacahuatepec'),(444,180,20,'San Juan Bautista lo de Soto'),(445,467,20,'Santiago Jamiltepec'),(446,334,20,'Río Grande o Piedra Parada'),(447,318,20,'Puerto Escondido'),(448,318,20,'San Pedro Mixtepec -Dto. 22-'),(449,114,21,'Puebla (Heroica Puebla)'),(450,41,21,'Cuautlancingo'),(451,140,21,'San Pedro Cholula'),(452,119,21,'San Andrés Cholula'),(453,15,21,'Amozoc'),(454,197,21,'Xicotepec'),(455,71,21,'Huauchinango'),(456,208,21,'Zacatlán'),(457,174,21,'Teziutlan'),(458,132,21,'San Martín Texmelucan de Labastida'),(459,19,21,'Atlixco'),(460,85,21,'Izúcar de Matamoros'),(461,3,21,'Acatlán de Osorio'),(462,164,21,'Tepeaca'),(463,154,21,'Tecamachalco'),(464,45,21,'Ciudad Serdán'),(465,156,21,'Tehuacan'),(466,14,22,'Querétaro'),(467,16,22,'San Juan del Rio'),(468,6,22,'El Pueblito'),(469,4,23,'Chetumal'),(470,2,23,'Felipe Carrillo Puerto'),(471,7,23,'Kantunilkín'),(472,3,23,'Isla Mujeres'),(473,5,23,'Cancún'),(474,1,23,'Cozumel'),(475,8,23,'Playa del Carmen'),(476,10,23,'Bacalar'),(477,28,24,'San Luis Potosí'),(478,35,24,'Soledad de Graciano Sánchez'),(479,7,24,'Cedral'),(480,15,24,'Charcas'),(481,25,24,'Salinas de Hidalgo'),(482,20,24,'Matehuala'),(483,13,24,'Ciudad Valles'),(484,16,24,'Ébano'),(485,40,24,'Tamuin'),(486,58,24,'El Naranjo'),(487,10,24,'Ciudad del Maíz'),(488,5,24,'Cárdenas'),(489,8,24,'Cerritos'),(490,50,24,'Villa de Reyes'),(491,32,24,'Santa María del Río'),(492,43,24,'Tierra Nueva'),(493,24,24,'Rioverde'),(494,11,24,'Fracción el Refugio'),(495,36,24,'Tamasopo'),(496,37,24,'Tamazunchale'),(497,6,25,'Culiacán Rosales'),(498,6,25,'Aguaruto'),(499,18,25,'Navolato'),(500,18,25,'Lic. Benito Juárez (Campo Gobierno)'),(501,6,25,'Quila'),(502,5,25,'Cosalá'),(503,13,25,'Mocorito'),(504,11,25,'Guasave'),(505,1,25,'Los Mochis'),(506,1,25,'Ahome'),(507,1,25,'Higuera de Zaragoza'),(508,1,25,'Topolobampo'),(509,15,25,'Guamúchil'),(510,2,25,'Angostura'),(511,7,25,'Choix'),(512,10,25,'San Blas'),(513,17,25,'Sinaloa de Leyva'),(514,17,25,'Estación Naranjo'),(515,12,25,'Mazatlán'),(516,12,25,'Villa Unión'),(517,9,25,'Escuinapa de Hidalgo'),(518,8,25,'La Cruz'),(519,14,25,'El rosario'),(520,16,25,'San Ignacio'),(521,30,26,'Hermosillo'),(522,55,26,'San Luis Río Colorado'),(523,48,26,'Puerto Peñasco'),(524,70,26,'Sonoita'),(525,17,26,'Heroica Caborca'),(526,43,26,'Heroica Nogales'),(527,36,26,'Magdalena de Kino'),(528,2,26,'Agua Prieta'),(529,19,26,'Heroica Ciudad de Cananea'),(530,18,26,'Ciudad Obregón'),(531,25,26,'Empalme'),(532,29,26,'Heroica Guaymas'),(533,42,26,'Navojoa'),(534,33,26,'Huatabampo'),(535,4,27,'Villahermosa'),(536,10,27,'Jalpa de Méndez'),(537,5,27,'Comalcalco'),(538,8,27,'Huimanguillo'),(539,2,27,'Cárdenas'),(540,14,27,'Paraíso'),(541,6,27,'Cunduacán'),(542,12,27,'Macuspana'),(543,3,27,'Frontera'),(544,16,27,'Teapa'),(545,17,27,'Tenosique de Pino Suárez'),(546,7,27,'Emiliano Zapata'),(547,41,28,'Ciudad Victoria'),(548,22,28,'Heroica Matamoros'),(549,40,28,'Valle Hermoso'),(550,35,28,'San Fernando'),(551,37,28,'Soto la Marina'),(552,39,28,'Ciudad Tula'),(553,17,28,'Jaumave'),(554,27,28,'Nuevo Laredo'),(555,25,28,'Ciudad Miguel Alemán'),(556,14,28,'Nueva Ciudad Guerrero'),(557,15,28,'Ciudad Gustavo Díaz Ordaz'),(558,7,28,'Ciudad Camargo'),(559,32,28,'Reynosa'),(560,33,28,'Ciudad Río Bravo'),(561,38,28,'Tampico'),(562,9,28,'Ciudad Madero'),(563,3,28,'Altamira'),(564,12,28,'González'),(565,12,28,'Estación Manuel (Úrsulo Galván)'),(566,43,28,'Xicoténcatl'),(567,21,28,'Ciudad Mante'),(568,33,29,'Tlaxcala (Tlaxcala de Xicotencatl)'),(569,6,29,'Calpulalpan'),(570,5,29,'Apizaco'),(571,13,29,'Huamantla'),(572,10,29,'Chiautempan'),(573,25,29,'Villa Vicente Guerrero'),(574,87,30,'Xalapa-Enríquez'),(575,26,30,'Banderilla'),(576,38,30,'Coatepec'),(577,126,30,'Paso de Ovejas'),(578,16,30,'José Cardel'),(579,193,30,'Veracruz'),(580,152,30,'Tampico Alto'),(581,161,30,'Tempoal de Sánchez'),(582,155,30,'Tantoyuca'),(583,129,30,'Platón Sánchez'),(584,13,30,'Naranjos'),(585,205,30,'El Higo'),(586,34,30,'Cerro Azul'),(587,72,30,'Huayacocotla'),(588,189,30,'Túxpam de Rodríguez Cano'),(589,175,30,'Tihuatlán'),(590,33,30,'Cazones de Herrera'),(591,40,30,'Coatzintla'),(592,131,30,'Poza Rica de Hidalgo'),(593,124,30,'Papantla de Olarte'),(594,69,30,'Gutiérrez Zamora'),(595,211,30,'San Rafael'),(596,183,30,'Tlapacoyan'),(597,10,30,'Altotonga'),(598,197,30,'Yecuatla'),(599,123,30,'Pánuco'),(600,71,30,'Huatusco de Chicuellar'),(601,148,30,'Soledad de Doblado'),(602,28,30,'Boca del RÍo'),(603,118,30,'Orizaba'),(604,85,30,'Ixtaczoquitlán'),(605,68,30,'Fortín de las Flores'),(606,44,30,'Córdoba'),(607,115,30,'Nogales'),(608,138,30,'Río Blanco'),(609,74,30,'Huiloapan de Cuauhtémoc'),(610,53,30,'Cuitláhuac'),(611,14,30,'Paraje Nuevo'),(612,21,30,'Atoyac'),(613,21,30,'General Miguel Alemán (Potrero Nuevo)'),(614,125,30,'Paso del Macho'),(615,173,30,'Tezonapa'),(616,174,30,'Tierra Blanca'),(617,11,30,'Alvarado'),(618,97,30,'Lerdo de Tejada'),(619,207,30,'Tres Valles'),(620,208,30,'Carlos A. Carrillo'),(621,45,30,'Cosamaloapan'),(622,176,30,'Tlacojalpan'),(623,130,30,'Playa Vicente'),(624,77,30,'Isla'),(625,94,30,'Juan Rodríguez Clara'),(626,141,30,'San Andrés Tuxtla'),(627,141,30,'Sihuapan'),(628,143,30,'Santiago Tuxtla'),(629,15,30,'Ángel R. Cabada'),(630,73,30,'Juan Díaz Covarrubias'),(631,32,30,'Catemaco'),(632,3,30,'Acayucan'),(633,89,30,'Jáltipan de Morelos'),(634,48,30,'Cosoleacaque'),(635,111,30,'Cuichapa'),(636,39,30,'Coatzacoalcos'),(637,204,30,'Agua dulce'),(638,108,30,'Minatitlán'),(639,61,30,'Las Choapas'),(640,50,31,'Mérida'),(641,41,31,'Kanasín'),(642,52,31,'Motul de Carrillo Puerto'),(643,96,31,'Tizimín'),(644,102,31,'Valladolid'),(645,89,31,'Ticul'),(646,56,32,'Zacatecas'),(647,22,32,'Juan Aldama'),(648,39,32,'Río Grande'),(649,51,32,'Villa de Cos'),(650,5,32,'Víctor Rosales'),(651,17,32,'Guadalupe'),(652,8,32,'Ciudad Cuauhtémoc'),(653,36,32,'Ojocaliente'),(654,25,32,'Luis Moya'),(655,24,32,'Loreto'),(656,54,32,'Villa Hidalgo'),(657,10,32,'Fresnillo'),(658,42,32,'Sombrerete'),(659,49,32,'Valparaíso'),(660,20,32,'Jerez de García Salinas'),(661,55,32,'Villanueva'),(662,19,32,'Jalpa'),(663,34,32,'Nochistlán de Mejía'),(664,33,32,'Moyahua de Estrada');
/*!40000 ALTER TABLE `City` ENABLE KEYS */;
UNLOCK TABLES;
/*!40103 SET TIME_ZONE=@OLD_TIME_ZONE */;

/*!40101 SET SQL_MODE=@OLD_SQL_MODE */;
/*!40014 SET FOREIGN_KEY_CHECKS=@OLD_FOREIGN_KEY_CHECKS */;
/*!40014 SET UNIQUE_CHECKS=@OLD_UNIQUE_CHECKS */;
/*!40101 SET CHARACTER_SET_CLIENT=@OLD_CHARACTER_SET_CLIENT */;
/*!40101 SET CHARACTER_SET_RESULTS=@OLD_CHARACTER_SET_RESULTS */;
/*!40101 SET COLLATION_CONNECTION=@OLD_COLLATION_CONNECTION */;
/*!40111 SET SQL_NOTES=@OLD_SQL_NOTES */;

-- Dump completed on 2018-05-26 17:07:28

--
-- Table structure for table `City`
--

DROP TABLE IF EXISTS `City`;
/*!40101 SET @saved_cs_client     = @@character_set_client */;
/*!40101 SET character_set_client = utf8 */;
CREATE TABLE `City` (
  `id` int(11) NOT NULL AUTO_INCREMENT,
  `town_id` int(11) NOT NULL,
  `state_id` int(11) NOT NULL,
  `name` varchar(100) CHARACTER SET utf8 COLLATE utf8_general_ci DEFAULT NULL,
  PRIMARY KEY (`id`),
  KEY `town_id` (`town_id`),
  KEY `state_id` (`state_id`),
  CONSTRAINT `city_ibfk_1` FOREIGN KEY (`town_id`) REFERENCES `town` (`id`),
  CONSTRAINT `city_ibfk_2` FOREIGN KEY (`state_id`) REFERENCES `town` (`state_id`)
) ENGINE=InnoDB AUTO_INCREMENT=1024 DEFAULT CHARSET=utf8mb4 COLLATE=utf8mb4_0900_ai_ci;
/*!40101 SET character_set_client = @saved_cs_client */;

--
-- Dumping data for table `City`
--

LOCK TABLES `City` WRITE;
/*!40000 ALTER TABLE `City` DISABLE KEYS */;
INSERT INTO `City` VALUES (1,1,1,'Aguascalientes'),(2,11,1,'San Francisco de los Romo'),(3,7,1,'Rincón de Romos'),(4,4,1,'Cosío'),(5,9,1,'Tepezalá'),(6,6,1,'Pabellón de Arteaga'),(7,2,1,'Asientos'),(8,3,1,'Calvillo'),(9,5,1,'Jesús María '),(10,3,3,'La Paz'),(11,3,3,'Todos Santos'),(12,8,3,'San José del Cabo'),(13,8,3,'Cabo San Lucas'),(14,1,3,'Ciudad Constitución'),(15,1,3,'Puerto Adolfo López Mateos'),(16,9,3,'Loreto'),(17,2,3,'Heroica Mulegé'),(18,2,3,'Santa Rosalía'),(19,2,3,'San Ignacio'),(20,2,3,'Villa Alberto Andrés Alvarado Arámburo'),(21,2,3,'Guerrero Negro'),(22,2,2,'Mexicali'),(23,3,2,'Tecate'),(24,2,2,'San Felipe'),(25,4,2,'Tijuana'),(26,5,2,'Playas de Rosarito'),(27,1,2,'Rodolfo Sánchez T. (Maneadero)'),(28,1,2,'Ensenada'),(29,2,4,'San Francisco de Campeche'),(30,3,4,'Ciudad del Carmen'),(31,3,4,'Sabancuy'),(32,11,4,'Candelaria'),(33,9,4,'Escárcega'),(34,4,4,'Champotón'),(35,6,4,'Hopelchén'),(36,5,4,'Hecelchakán'),(37,5,4,'Pomuch'),(38,1,4,'Calkini'),(39,101,7,'Tuxtla Gutiérrez'),(40,61,7,'Ocozocoautla de Espinosa'),(41,27,7,'Chiapa de Corzo'),(42,78,7,'San Cristóbal de las Casas'),(43,2,7,'Acala'),(44,74,7,'Reforma'),(45,68,7,'Pichucalco'),(46,59,7,'Ocosingo'),(47,65,7,'Palenque'),(48,19,7,'Comitán de Domínguez'),(49,52,7,'Las Margaritas'),(50,106,7,'Venustiano Carranza'),(51,75,7,'Las Rosas'),(52,17,7,'Cintalapa de Figueroa'),(53,46,7,'Jiquipilas'),(54,9,7,'Arriaga'),(55,108,7,'Villaflores'),(56,97,7,'Tonalá'),(57,69,7,'Pijijiapan'),(58,51,7,'Mapastepec'),(59,40,7,'Huixtla'),(60,89,7,'Tapachula de Córdova y Ordóñez'),(61,89,7,'Puerto Madero (San Benito)'),(62,15,7,'Cacahoatán'),(63,57,7,'Motozintla de Mendoza'),(64,19,8,'Chihuahua'),(65,17,8,'Cuauhtémoc'),(66,17,8,'Colonia Anáhuac'),(67,6,8,'Bachíniva'),(68,50,8,'Nuevo Casas Grandes'),(69,40,8,'Madera'),(70,37,8,'Juárez'),(71,52,8,'Manuel Ojinaga'),(72,2,8,'Juan Aldama'),(73,21,8,'Delicias'),(74,62,8,'Saucillo'),(75,11,8,'Santa Rosalía de Camargo'),(76,32,8,'Hidalgo del Parral'),(77,36,8,'José Mariano Jiménez'),(78,10,9,'Ciudad de México'),(79,2,9,'Ciudad de México'),(80,14,9,'Ciudad de México'),(81,3,9,'Ciudad de México'),(82,4,9,'Ciudad de México'),(83,15,9,'Ciudad de México'),(84,5,9,'Ciudad de México'),(85,6,9,'Ciudad de México'),(86,7,9,'Ciudad de México'),(87,8,9,'Ciudad de México'),(88,16,9,'Ciudad de México'),(89,9,9,'Ciudad de México'),(90,11,9,'Ciudad de México'),(91,12,9,'Ciudad de México'),(92,17,9,'Ciudad de México'),(93,13,9,'Ciudad de México'),(94,30,5,'Saltillo'),(95,4,5,'Arteaga'),(96,31,5,'San Buenaventura'),(97,10,5,'Frontera'),(98,18,5,'Monclova'),(99,6,5,'Castaños'),(100,27,5,'Ramos Arizpe'),(101,25,5,'Piedras Negras'),(102,22,5,'Nava'),(103,2,5,'Ciudad Acuña'),(104,20,5,'Ciudad Melchor Múzquiz'),(105,38,5,'Zaragoza'),(106,19,5,'Morelos'),(107,3,5,'Allende'),(108,28,5,'Sabinas'),(109,32,5,'Nueva Rosita'),(110,35,5,'Torreón'),(111,17,5,'Matamoros'),(112,36,5,'Viesca'),(113,21,5,'Nadadores'),(114,7,5,'Cuatro Ciénegas de Carranza'),(115,33,5,'San Pedro'),(116,9,5,'Francisco I. Madero (Chávez)'),(117,24,5,'Parras de la Fuente'),(118,2,6,'Colima'),(119,9,6,'Tecoman'),(120,7,6,'Manzanillo'),(121,1,6,'Ciudad de Armería'),(122,10,6,'Ciudad de Villa de Álvarez'),(123,5,10,'Victoria de Durango'),(124,1,10,'Canatlán'),(125,28,10,'San Juan del Río del Centauro del Norte'),(126,32,10,'Santiago Papasquiaro'),(127,21,10,'Peñón Blanco'),(128,20,10,'Francisco I. Madero'),(129,16,10,'Nombre de Dios'),(130,38,10,'Vicente Guerrero'),(131,23,10,'El Salto'),(132,7,10,'Gómez Palacio'),(133,12,10,'Ciudad Lerdo'),(134,18,10,'Santa María del Oro'),(135,15,11,'Guanajuato'),(136,37,11,'Silao'),(137,26,11,'Romita'),(138,15,11,'Marfil'),(139,31,11,'San Francisco del Rincón'),(140,25,11,'Purísima de Bustos'),(141,8,11,'Ciudad Manuel Doblado'),(142,17,11,'Irapuato'),(143,27,11,'Salamanca'),(144,23,11,'Pénjamo'),(145,12,11,'Cuerámaro'),(146,1,11,'Abasolo'),(147,16,11,'Huanímaro'),(148,20,11,'León de los Aldama'),(149,3,11,'San miguel de Allende'),(150,14,11,'Dolores Hgo. Cuna de la Indep. Nal.'),(151,29,11,'San Diego de la Unión'),(152,33,11,'San Luis de la Paz'),(153,13,11,'Doctor Mora'),(154,32,11,'San José Iturbide'),(155,7,11,'Celaya'),(156,7,11,'Rincón de Tamayo'),(157,5,11,'Apaseo el Grande'),(158,9,11,'Comonfort'),(159,9,11,'Empalme Escobedo (Escobedo)'),(160,35,11,'Santa Cruz Juventino Rosas'),(161,44,11,'Villagrán'),(162,11,11,'Cortazar'),(163,42,11,'Valle de Santiago'),(164,18,11,'Jaral del Progreso'),(165,4,11,'Apaseo el Alto'),(166,19,11,'Jerécuaro'),(167,2,11,'Acámbaro'),(168,38,11,'Tarandacuao'),(169,21,11,'Moroleón'),(170,28,11,'Salvatierra'),(171,46,11,'Yuriria'),(172,36,11,'Santiago Maravatío'),(173,41,11,'Uriangato'),(174,29,12,'Chilpancingo de los Bravo'),(175,29,12,'Ocotito'),(176,61,12,'Tixtla de Guerrero'),(177,12,12,'Ayutla de los Libres'),(178,1,12,'Acapulco de Juárez'),(179,39,12,'Tierra Colorada'),(180,53,12,'San Marcos'),(181,35,12,'Iguala de la Independencia'),(182,34,12,'Huitzuco'),(183,59,12,'Tepecoacuilco de Trujano'),(184,75,12,'Zumpango del Río'),(185,55,12,'Taxco de Alarcón'),(186,15,12,'Buenavista de Cuellar'),(187,58,12,'Teloloapan'),(188,7,12,'Arcelia'),(189,6,12,'Ciudad Apaxtla de Castrejón'),(190,67,12,'Tlapehuala'),(191,27,12,'Cutzamala de Pinzón'),(192,50,12,'Ciudad Altamirano'),(193,22,12,'Coyuca de Catalán'),(194,68,12,'La Unión'),(195,48,12,'Petatlán'),(196,38,12,'Zihuatanejo'),(197,57,12,'Técpan de Galeana'),(198,57,12,'San Luis San Pedro'),(199,57,12,'San Luis de la Loma'),(200,11,12,'Atoyac de Álvarez'),(201,14,12,'San Jerónimo de Juárez'),(202,21,12,'Coyuca de Benítez'),(203,45,12,'Olinalá'),(204,28,12,'Chilapa de Álvarez'),(205,33,12,'Huamuxtitlan'),(206,66,12,'Tlapa de Comonfort'),(207,65,12,'Tlalixtaquilla'),(208,52,12,'San Luis Acatlán'),(209,30,12,'Cruz Grande'),(210,18,12,'Copala'),(211,13,12,'Azoyú'),(212,77,12,'Marquelia'),(213,23,12,'Cuajinicuilapa'),(214,48,13,'Pachuca de Soto'),(215,30,13,'Ixmiquilpan'),(216,84,13,'Zimapan'),(217,3,13,'Actopan'),(218,76,13,'Tula de Allende'),(219,76,13,'Cruz Azul'),(220,63,13,'Tepeji del Rio'),(221,74,13,'Tlaxcoapan'),(222,28,13,'Huejutla de Reyes'),(223,77,13,'Tulancingo'),(224,56,13,'Santiago Tulantepec'),(225,69,13,'Tizayuca'),(226,8,13,'Apan'),(227,61,13,'Tepeapulco'),(228,61,13,'Cd. de Fray Bernardino de Sahagún'),(229,39,14,'Guadalajara'),(230,120,14,'Zapopan'),(231,83,14,'Tala'),(232,101,14,'Tonalá'),(233,98,14,'Tlaquepaque'),(234,97,14,'Tlajomulco de Zúñiga'),(235,70,14,'Las Pintitas'),(236,70,14,'San José el Verde (El Verde)'),(237,70,14,'El Quince (San José el Quince)'),(238,2,14,'Acatlán de Juárez'),(239,114,14,'Villa Corona'),(240,119,14,'Zacoalco de Torres'),(241,50,14,'Jocotepec'),(242,30,14,'Chapala'),(243,30,14,'Ajijic'),(244,66,14,'Poncitlán'),(245,42,14,'Huejuquilla el Alto'),(246,25,14,'Colotlán'),(247,94,14,'Tequila'),(248,55,14,'Magdalena'),(249,36,14,'Etzatlán'),(250,6,14,'Ameca'),(251,3,14,'Ahualulco de Mercado'),(252,73,14,'San Juan de los Lagos'),(253,46,14,'Jalostotitlán'),(254,78,14,'San Miguel el Alto'),(255,74,14,'San Julián'),(256,8,14,'Arandas'),(257,125,14,'San Ignacio Cerro Gordo'),(258,91,14,'Teocaltiche'),(259,116,14,'Villa Hidalgo'),(260,118,14,'Yahualica de González Gallo'),(261,111,14,'Valle de Guadalupe'),(262,53,14,'Lagos de Moreno'),(263,109,14,'Unión de San Antonio'),(264,72,14,'San Diego de Alejandría'),(265,93,14,'Tepatitlán de Morelos'),(266,105,14,'Tototlán'),(267,13,14,'Atotonilco el Alto'),(268,63,14,'Ocotlán'),(269,47,14,'Jamay'),(270,18,14,'La Barca'),(271,84,14,'Talpa de Allende'),(272,67,14,'Puerto Vallarta'),(273,24,14,'Cocula'),(274,37,14,'El Grullo'),(275,15,14,'Autlán de Navarro'),(276,21,14,'La Resolana'),(277,22,14,'Cihuatlán'),(278,23,14,'Ciudad Guzmán'),(279,82,14,'Sayula'),(280,121,14,'Zapotiltic'),(281,85,14,'Tamazula de Gordiano'),(282,108,14,'Tuxpan'),(283,87,14,'Tecalitlán'),(284,106,15,'Toluca de Lerdo'),(285,5,15,'Almoloya de Juárez'),(286,82,15,'Tejupilco de Hidalgo'),(287,8,15,'Amatepec'),(288,115,15,'Xonacatlán'),(289,76,15,'San Mateo Atenco'),(290,54,15,'Metepec'),(291,19,15,'Capulhuac'),(292,62,15,'Ocoyoacac'),(293,37,15,'Huixquilucan de Degollado'),(294,13,15,'Ciudad Adolfo López Mateos'),(295,57,15,'Naucalpan de Juárez'),(296,104,15,'Tlalnepantla de Baz'),(297,60,15,'Villa Nicolás Romero'),(298,95,15,'Tepotzotlán'),(299,121,15,'Cuautitlán Izcalli'),(300,24,15,'Cuautitlán'),(301,53,15,'Melchor Ocampo'),(302,109,15,'Tultitlán de Mariano Escobedo'),(303,108,15,'Santa Maria Tultepec'),(304,33,15,'Ecatepec de Morelos'),(305,120,15,'Zumpango'),(306,96,15,'Tequixquiac'),(307,20,15,'Coacalco de Berriozabal'),(308,81,15,'Tecamac de Felipe Villanueva'),(309,99,15,'Texcoco de Mora'),(310,30,15,'Chiconcuac'),(311,31,15,'Chimalhuacán'),(312,29,15,'San Vicente Chicoloapan de Juárez'),(313,70,15,'Los Reyes Acaquilpan (La Paz)'),(314,39,15,'Ixtapaluca'),(315,25,15,'Chalco de Díaz Covarrubias'),(316,122,15,'Valle de Chalco Solidaridad'),(317,50,15,'Juchitepec de Mariano Riva Palacio'),(318,58,15,'Ciudad Nezahualcoyotl'),(319,53,16,'Morelia'),(320,71,16,'Puruándiro'),(321,107,16,'Zacapu'),(322,20,16,'Cuitzeo del Porvenir'),(323,110,16,'Zinapécuaro de Figueroa'),(324,76,16,'Sahuayo de Morelos'),(325,106,16,'Yurécuaro'),(326,69,16,'La piedad de Cabadas'),(327,45,16,'Jiquilpan de Juárez'),(328,108,16,'Zamora de Hidalgo'),(329,85,16,'Tangancícuaro de Arista'),(330,43,16,'Jacona de Plancarte'),(331,19,16,'Cotija de la Paz'),(332,102,16,'Uruapan'),(333,65,16,'Paracho de Verduzco'),(334,75,16,'Los Reyes de Salgado'),(335,6,16,'Apatzingán de la Constitución'),(336,52,16,'Ciudad Lázaro Cárdenas'),(337,52,16,'Las Guacamayas'),(338,34,16,'Ciudad Hidalgo'),(339,50,16,'Maravatío de Ocampo'),(340,98,16,'Tuxpan'),(341,112,16,'Heroica Zitácuaro'),(342,66,16,'Pátzcuaro'),(343,82,16,'Tacámbaro de Codallos'),(344,55,16,'Nueva Italia de Ruiz'),(345,38,16,'Huetamo de Núñez'),(346,7,17,'Cuernavaca'),(347,17,17,'Puente de Ixtla'),(348,6,17,'Cuautla (Cuautla de Morelos)'),(349,24,17,'Santa Rosa Treinta'),(350,31,17,'Zacatepec de Hidalgo'),(351,31,17,'Galeana'),(352,12,17,'Jojutla'),(353,25,17,'Tlaquiltenango'),(354,17,18,'Tepic'),(355,18,18,'Tuxpan'),(356,15,18,'Santiago Ixcuintla'),(357,1,18,'Acaponeta'),(358,16,18,'Tecuala'),(359,17,18,'Francisco I. Madero (Puga)'),(360,15,18,'Villa Hidalgo (El Nuevo)'),(361,11,18,'Ruiz'),(362,4,18,'Compostela'),(363,4,18,'Las Varas'),(364,4,18,'La peñita de Jaltemba'),(365,20,18,'Bucerías'),(366,12,18,'San Blas'),(367,8,18,'Xalisco'),(368,13,18,'San pedro Lagunillas'),(369,7,18,'Jala'),(370,2,18,'Ahuacatlán'),(371,6,18,'Ixtlán del Río'),(372,39,19,'Monterrey'),(373,5,19,'Anáhuac'),(374,44,19,'Ciudad Sabinas Hidalgo'),(375,12,19,'Ciénega de Flores'),(376,18,19,'García'),(377,21,19,'Ciudad General Escobedo'),(378,48,19,'Ciudad Santa Catarina'),(379,19,19,'San Pedro Garza García'),(380,46,19,'San Nicolás de los Garza'),(381,6,19,'Ciudad Apodaca'),(382,26,19,'Guadalupe'),(383,31,19,'Ciudad Benito Juárez'),(384,49,19,'Santiago'),(385,49,19,'El cercado'),(386,9,19,'Cadereyta Jiménez'),(387,38,19,'Montemorelos'),(388,33,19,'Linares'),(389,29,19,'Hualahuises'),(390,14,19,'Doctor Arroyo'),(391,67,20,'Oaxaca de Juárez'),(392,150,20,'San Francisco Telixtlahuaca'),(393,294,20,'San Pablo Huitzo'),(394,483,20,'Santiago Suchilquitongo'),(395,184,20,'San Juan Bautista Tuxtepec'),(396,44,20,'Loma Bonita'),(397,21,20,'Cosolapa'),(398,2,20,'Vicente Camalote'),(399,134,20,'San Felipe Jalapa de Díaz'),(400,559,20,'San Juan Bautista Valle Nacional'),(401,545,20,'Teotitlán de Flores Magón'),(402,177,20,'San Juan Bautista Cuicatlán'),(403,62,20,'Natividad'),(404,39,20,'Heroica Ciudad de Huajuapan de León'),(405,55,20,'Mariscala de Juárez'),(406,540,20,'Villa de Tamazulápam del Progreso'),(407,6,20,'Asunción Nochixtlán'),(408,469,20,'Santiago Juxtlahuaca'),(409,348,20,'San Sebastián Tecomaxtlahuaca'),(410,397,20,'Heroica Ciudad de Tlaxiaco'),(411,43,20,'Juchitán (Juchitán de Zaragoza)'),(412,14,20,'Ciudad Ixtepec'),(413,557,20,'Unión Hidalgo'),(414,143,20,'San Francisco Ixhuatán'),(415,327,20,'San Pedro Tapanatepec'),(416,25,20,'Chahuites'),(417,57,20,'Matías Romero Avendaño'),(418,10,20,'Lagunas'),(419,551,20,'Tlacolula de Matamoros'),(420,298,20,'San Pablo Villa de Mitla'),(421,333,20,'San Pedro Totolapa'),(422,64,20,'El Camarón'),(423,79,20,'Salina Cruz'),(424,515,20,'Santo Domingo Tehuantepec'),(425,124,20,'San Blas Atempa'),(426,59,20,'Miahuatlán de Porfirio Díaz'),(427,324,20,'San Pedro Pochutla'),(428,413,20,'Santa María Huatulco'),(429,413,20,'Bahias de Huatulco'),(430,73,20,'Putla Villa de Guerrero'),(431,269,20,'San Miguel el Grande'),(432,377,20,'Santa Cruz Itundujia'),(433,570,20,'Zimatlán de Álvarez'),(434,390,20,'Santa Lucia del Camino'),(435,107,20,'San Antonio de la Cal'),(436,565,20,'Villa de Zaachila'),(437,350,20,'El Rosario'),(438,23,20,'Cuilápam de Guerrero'),(439,277,20,'Villa Sola de Vega'),(440,28,20,'Heroica Ciudad de Ejutla de Crespo'),(441,68,20,'Ocotlán de Morelos'),(442,482,20,'Santiago Pinotepa Nacional'),(443,185,20,'San Juan Cacahuatepec'),(444,180,20,'San Juan Bautista lo de Soto'),(445,467,20,'Santiago Jamiltepec'),(446,334,20,'Río Grande o Piedra Parada'),(447,318,20,'Puerto Escondido'),(448,318,20,'San Pedro Mixtepec -Dto. 22-'),(449,114,21,'Puebla (Heroica Puebla)'),(450,41,21,'Cuautlancingo'),(451,140,21,'San Pedro Cholula'),(452,119,21,'San Andrés Cholula'),(453,15,21,'Amozoc'),(454,197,21,'Xicotepec'),(455,71,21,'Huauchinango'),(456,208,21,'Zacatlán'),(457,174,21,'Teziutlan'),(458,132,21,'San Martín Texmelucan de Labastida'),(459,19,21,'Atlixco'),(460,85,21,'Izúcar de Matamoros'),(461,3,21,'Acatlán de Osorio'),(462,164,21,'Tepeaca'),(463,154,21,'Tecamachalco'),(464,45,21,'Ciudad Serdán'),(465,156,21,'Tehuacan'),(466,14,22,'Querétaro'),(467,16,22,'San Juan del Rio'),(468,6,22,'El Pueblito'),(469,4,23,'Chetumal'),(470,2,23,'Felipe Carrillo Puerto'),(471,7,23,'Kantunilkín'),(472,3,23,'Isla Mujeres'),(473,5,23,'Cancún'),(474,1,23,'Cozumel'),(475,8,23,'Playa del Carmen'),(476,10,23,'Bacalar'),(477,28,24,'San Luis Potosí'),(478,35,24,'Soledad de Graciano Sánchez'),(479,7,24,'Cedral'),(480,15,24,'Charcas'),(481,25,24,'Salinas de Hidalgo'),(482,20,24,'Matehuala'),(483,13,24,'Ciudad Valles'),(484,16,24,'Ébano'),(485,40,24,'Tamuin'),(486,58,24,'El Naranjo'),(487,10,24,'Ciudad del Maíz'),(488,5,24,'Cárdenas'),(489,8,24,'Cerritos'),(490,50,24,'Villa de Reyes'),(491,32,24,'Santa María del Río'),(492,43,24,'Tierra Nueva'),(493,24,24,'Rioverde'),(494,11,24,'Fracción el Refugio'),(495,36,24,'Tamasopo'),(496,37,24,'Tamazunchale'),(497,6,25,'Culiacán Rosales'),(498,6,25,'Aguaruto'),(499,18,25,'Navolato'),(500,18,25,'Lic. Benito Juárez (Campo Gobierno)'),(501,6,25,'Quila'),(502,5,25,'Cosalá'),(503,13,25,'Mocorito'),(504,11,25,'Guasave'),(505,1,25,'Los Mochis'),(506,1,25,'Ahome'),(507,1,25,'Higuera de Zaragoza'),(508,1,25,'Topolobampo'),(509,15,25,'Guamúchil'),(510,2,25,'Angostura'),(511,7,25,'Choix'),(512,10,25,'San Blas'),(513,17,25,'Sinaloa de Leyva'),(514,17,25,'Estación Naranjo'),(515,12,25,'Mazatlán'),(516,12,25,'Villa Unión'),(517,9,25,'Escuinapa de Hidalgo'),(518,8,25,'La Cruz'),(519,14,25,'El rosario'),(520,16,25,'San Ignacio'),(521,30,26,'Hermosillo'),(522,55,26,'San Luis Río Colorado'),(523,48,26,'Puerto Peñasco'),(524,70,26,'Sonoita'),(525,17,26,'Heroica Caborca'),(526,43,26,'Heroica Nogales'),(527,36,26,'Magdalena de Kino'),(528,2,26,'Agua Prieta'),(529,19,26,'Heroica Ciudad de Cananea'),(530,18,26,'Ciudad Obregón'),(531,25,26,'Empalme'),(532,29,26,'Heroica Guaymas'),(533,42,26,'Navojoa'),(534,33,26,'Huatabampo'),(535,4,27,'Villahermosa'),(536,10,27,'Jalpa de Méndez'),(537,5,27,'Comalcalco'),(538,8,27,'Huimanguillo'),(539,2,27,'Cárdenas'),(540,14,27,'Paraíso'),(541,6,27,'Cunduacán'),(542,12,27,'Macuspana'),(543,3,27,'Frontera'),(544,16,27,'Teapa'),(545,17,27,'Tenosique de Pino Suárez'),(546,7,27,'Emiliano Zapata'),(547,41,28,'Ciudad Victoria'),(548,22,28,'Heroica Matamoros'),(549,40,28,'Valle Hermoso'),(550,35,28,'San Fernando'),(551,37,28,'Soto la Marina'),(552,39,28,'Ciudad Tula'),(553,17,28,'Jaumave'),(554,27,28,'Nuevo Laredo'),(555,25,28,'Ciudad Miguel Alemán'),(556,14,28,'Nueva Ciudad Guerrero'),(557,15,28,'Ciudad Gustavo Díaz Ordaz'),(558,7,28,'Ciudad Camargo'),(559,32,28,'Reynosa'),(560,33,28,'Ciudad Río Bravo'),(561,38,28,'Tampico'),(562,9,28,'Ciudad Madero'),(563,3,28,'Altamira'),(564,12,28,'González'),(565,12,28,'Estación Manuel (Úrsulo Galván)'),(566,43,28,'Xicoténcatl'),(567,21,28,'Ciudad Mante'),(568,33,29,'Tlaxcala (Tlaxcala de Xicotencatl)'),(569,6,29,'Calpulalpan'),(570,5,29,'Apizaco'),(571,13,29,'Huamantla'),(572,10,29,'Chiautempan'),(573,25,29,'Villa Vicente Guerrero'),(574,87,30,'Xalapa-Enríquez'),(575,26,30,'Banderilla'),(576,38,30,'Coatepec'),(577,126,30,'Paso de Ovejas'),(578,16,30,'José Cardel'),(579,193,30,'Veracruz'),(580,152,30,'Tampico Alto'),(581,161,30,'Tempoal de Sánchez'),(582,155,30,'Tantoyuca'),(583,129,30,'Platón Sánchez'),(584,13,30,'Naranjos'),(585,205,30,'El Higo'),(586,34,30,'Cerro Azul'),(587,72,30,'Huayacocotla'),(588,189,30,'Túxpam de Rodríguez Cano'),(589,175,30,'Tihuatlán'),(590,33,30,'Cazones de Herrera'),(591,40,30,'Coatzintla'),(592,131,30,'Poza Rica de Hidalgo'),(593,124,30,'Papantla de Olarte'),(594,69,30,'Gutiérrez Zamora'),(595,211,30,'San Rafael'),(596,183,30,'Tlapacoyan'),(597,10,30,'Altotonga'),(598,197,30,'Yecuatla'),(599,123,30,'Pánuco'),(600,71,30,'Huatusco de Chicuellar'),(601,148,30,'Soledad de Doblado'),(602,28,30,'Boca del RÍo'),(603,118,30,'Orizaba'),(604,85,30,'Ixtaczoquitlán'),(605,68,30,'Fortín de las Flores'),(606,44,30,'Córdoba'),(607,115,30,'Nogales'),(608,138,30,'Río Blanco'),(609,74,30,'Huiloapan de Cuauhtémoc'),(610,53,30,'Cuitláhuac'),(611,14,30,'Paraje Nuevo'),(612,21,30,'Atoyac'),(613,21,30,'General Miguel Alemán (Potrero Nuevo)'),(614,125,30,'Paso del Macho'),(615,173,30,'Tezonapa'),(616,174,30,'Tierra Blanca'),(617,11,30,'Alvarado'),(618,97,30,'Lerdo de Tejada'),(619,207,30,'Tres Valles'),(620,208,30,'Carlos A. Carrillo'),(621,45,30,'Cosamaloapan'),(622,176,30,'Tlacojalpan'),(623,130,30,'Playa Vicente'),(624,77,30,'Isla'),(625,94,30,'Juan Rodríguez Clara'),(626,141,30,'San Andrés Tuxtla'),(627,141,30,'Sihuapan'),(628,143,30,'Santiago Tuxtla'),(629,15,30,'Ángel R. Cabada'),(630,73,30,'Juan Díaz Covarrubias'),(631,32,30,'Catemaco'),(632,3,30,'Acayucan'),(633,89,30,'Jáltipan de Morelos'),(634,48,30,'Cosoleacaque'),(635,111,30,'Cuichapa'),(636,39,30,'Coatzacoalcos'),(637,204,30,'Agua dulce'),(638,108,30,'Minatitlán'),(639,61,30,'Las Choapas'),(640,50,31,'Mérida'),(641,41,31,'Kanasín'),(642,52,31,'Motul de Carrillo Puerto'),(643,96,31,'Tizimín'),(644,102,31,'Valladolid'),(645,89,31,'Ticul'),(646,56,32,'Zacatecas'),(647,22,32,'Juan Aldama'),(648,39,32,'Río Grande'),(649,51,32,'Villa de Cos'),(650,5,32,'Víctor Rosales'),(651,17,32,'Guadalupe'),(652,8,32,'Ciudad Cuauhtémoc'),(653,36,32,'Ojocaliente'),(654,25,32,'Luis Moya'),(655,24,32,'Loreto'),(656,54,32,'Villa Hidalgo'),(657,10,32,'Fresnillo'),(658,42,32,'Sombrerete'),(659,49,32,'Valparaíso'),(660,20,32,'Jerez de García Salinas'),(661,55,32,'Villanueva'),(662,19,32,'Jalpa'),(663,34,32,'Nochistlán de Mejía'),(664,33,32,'Moyahua de Estrada');
/*!40000 ALTER TABLE `City` ENABLE KEYS */;
UNLOCK TABLES;
/*!40103 SET TIME_ZONE=@OLD_TIME_ZONE */;

/*!40101 SET SQL_MODE=@OLD_SQL_MODE */;
/*!40014 SET FOREIGN_KEY_CHECKS=@OLD_FOREIGN_KEY_CHECKS */;
/*!40014 SET UNIQUE_CHECKS=@OLD_UNIQUE_CHECKS */;
/*!40101 SET CHARACTER_SET_CLIENT=@OLD_CHARACTER_SET_CLIENT */;
/*!40101 SET CHARACTER_SET_RESULTS=@OLD_CHARACTER_SET_RESULTS */;
/*!40101 SET COLLATION_CONNECTION=@OLD_COLLATION_CONNECTION */;
/*!40111 SET SQL_NOTES=@OLD_SQL_NOTES */;

-- Dump completed on 2018-05-26 17:07:28


